Node #,Voxel_X,Voxel_Y,Voxel_Z,Anatomical Region,Psych Test,Psych Test 2,Psych Test 3,Psych Test 4,Psych Test 5,
1,65,21,16,Left Cerebellum.Posterior Lobe.Inferior Semi-Lunar Lobule.Gray Matter.*,,,,,,
2,23,20,15,Right Cerebellum.Posterior Lobe.Inferior Semi-Lunar Lobule.Gray Matter.*,,,,,,
3,54,36,16,Left Cerebellum.Posterior Lobe.Cerebellar Tonsil.Gray Matter.*,,,,,,
4,21,34,16,Right Cerebellum.Posterior Lobe.Cerebellar Tonsil.Gray Matter.*,,,,,,
5,46,39,14,Left Brainstem.Medulla.*.*.*,,,,,,
6,41,39,14,Right Brainstem.Medulla.*.*.*,,,,,,
7,67,62,14,*.*.Inferior Temporal Gyrus.*.*,,,,,,
8,68,56,18,Left Cerebrum.Temporal Lobe.Inferior Temporal Gyrus.Gray Matter.Brodmann area 20,WAIS,,,,,
9,62,60,12,Left Cerebrum.Temporal Lobe.Inferior Temporal Gyrus.*.*,WAIS,,,,,
10,63,64,11,Left Cerebrum.Temporal Lobe.*.*.*,WAIS,,,,,
11,26,66,11,Right Cerebrum.Temporal Lobe.*.*.*,WAIS,,,,,
12,27,60,12,Right Cerebrum.Temporal Lobe.Inferior Temporal Gyrus.*.*,WAIS,,,,,
13,23,53,19,Right Cerebrum.Temporal Lobe.Inferior Temporal Gyrus.Gray Matter.Brodmann area 20,WAIS,,,,,
14,74,52,25,Left Cerebrum.Temporal Lobe.Inferior Temporal Gyrus.White Matter.*,WAIS,,,,,
15,60,61,12,Left Cerebrum.Limbic Lobe.Inferior Temporal Gyrus.Gray Matter.Brodmann area 20,,,,,,
16,60,55,19,Left Cerebrum.Limbic Lobe.Uncus.Gray Matter.Brodmann area 20,,,,,,
17,57,63,11,Left Cerebrum.Limbic Lobe.Uncus.*.*,,,,,,
18,26,54,19,Right Cerebrum.Limbic Lobe.Uncus.Gray Matter.Brodmann area 20,,,,,,
19,28,58,14,Right Cerebrum.Limbic Lobe.Inferior Temporal Gyrus.Gray Matter.Brodmann area 20,,,,,,
20,14,52,24,Right Cerebrum.Temporal Lobe.Inferior Temporal Gyrus.White Matter.*,WAIS,,,,,
21,57,62,12,Left Cerebrum.Limbic Lobe.*.*.*,,,,,,
22,32,61,13,Right Cerebrum.Limbic Lobe.*.*.*,,,,,,
23,73,41,29,Left Cerebrum.Temporal Lobe.Middle Temporal Gyrus.Gray Matter.Brodmann area 20,WAIS,,,,,
24,74,45,33,Left Cerebrum.Temporal Lobe.Middle Temporal Gyrus.White Matter.*,WAIS,,,,,
25,61,59,18,Left Cerebrum.Limbic Lobe.Uncus.White Matter.*,,,,,,
26,31,62,11,Right Cerebrum.Limbic Lobe.*.Gray Matter.Brodmann area 20,,,,,,
27,30,63,14,Right Cerebrum.Limbic Lobe.Uncus.White Matter.*,,,,,,
28,16,36,38,Right Cerebrum.Temporal Lobe.Middle Temporal Gyrus.White Matter.*,WAIS,,,,,
29,25,62,11,Right Cerebrum.Temporal Lobe.Middle Temporal Gyrus.Gray Matter.Brodmann area 20,WAIS,,,,,
30,25,63,11,Right Cerebrum.Temporal Lobe.Middle Temporal Gyrus.*.*,WAIS,,,,,
31,34,64,15,Right Cerebrum.Limbic Lobe.Uncus.*.*,,,,,,
32,63,63,12,Left Cerebrum.Temporal Lobe.Middle Temporal Gyrus.*.*,WAIS,,,,,
33,66,65,14,Left Cerebrum.Temporal Lobe.Middle Temporal Gyrus.Gray Matter.Brodmann area 38,WAIS,,,,,
34,58,63,11,Left Cerebrum.Limbic Lobe.Uncus.Gray Matter.Brodmann area 38,,,,,,
35,30,63,11,Right Cerebrum.Limbic Lobe.Uncus.Gray Matter.Brodmann area 38,,,,,,
36,27,63,11,Right Cerebrum.Temporal Lobe.Middle Temporal Gyrus.Gray Matter.Brodmann area 38,WAIS,,,,,
37,0,0,0,Left Cerebrum.Limbic Lobe.Middle Temporal Gyrus.White Matter.*,,,,,,
38,57,69,14,Left Cerebrum.Temporal Lobe.Superior Temporal Gyrus.Gray Matter.Brodmann area 38,WAIS,,,,,
39,74,44,43,Left Cerebrum.Temporal Lobe.Superior Temporal Gyrus.White Matter.*,WAIS,,,,,
40,76,70,29,Left Cerebrum.Temporal Lobe.Superior Temporal Gyrus.*.*,WAIS,,,,,
41,29,70,14,Right Cerebrum.Temporal Lobe.Superior Temporal Gyrus.Gray Matter.Brodmann area 38,WAIS,,,,,
42,20,41,43,Right Cerebrum.Temporal Lobe.Superior Temporal Gyrus.White Matter.*,WAIS,,,,,
43,13,71,27,Right Cerebrum.Temporal Lobe.Superior Temporal Gyrus.*.*,WAIS,,,,,
44,31,66,11,Right Cerebrum.Temporal Lobe.*.Gray Matter.Brodmann area 38,WAIS,,,,,
45,59,66,11,Left Cerebrum.Temporal Lobe.*.Gray Matter.Brodmann area 38,WAIS,,,,,
46,0,0,0,Right Cerebrum.Frontal Lobe.Inferior Temporal Gyrus.Gray Matter.Brodmann area 20,,,,,,
47,13,27,37,Right Cerebrum.*.Inferior Temporal Gyrus.*.*,,,,,,
48,19,76,24,Right Cerebrum.*.*.*.*,,,,,,
49,61,60,14,Left Cerebrum.Limbic Lobe.Inferior Temporal Gyrus.White Matter.*,,,,,,
50,28,60,13,Right Cerebrum.Limbic Lobe.Inferior Temporal Gyrus.White Matter.*,,,,,,
51,67,44,33,Left Cerebrum.Temporal Lobe.Sub-Gyral.White Matter.*,WAIS,,,,,
52,22,43,34,Right Cerebrum.Temporal Lobe.Sub-Gyral.White Matter.*,WAIS,,,,,
53,0,0,0,Left Cerebrum.Limbic Lobe.*.Gray Matter.Brodmann area 20,,,,,,
54,68,64,13,*.*.Middle Temporal Gyrus.*.*,,,,,,
55,25,58,18,Right Cerebrum.Limbic Lobe.Sub-Gyral.White Matter.*,,,,,,
56,62,64,22,Left Cerebrum.Limbic Lobe.Superior Temporal Gyrus.White Matter.*,,,,,,
57,32,66,13,Right Cerebrum.Limbic Lobe.Superior Temporal Gyrus.White Matter.*,,,,,,
58,34,66,13,Right Cerebrum.*.Uncus.*.*,,,,,,
59,56,66,13,Left Cerebrum.Limbic Lobe.Superior Temporal Gyrus.Gray Matter.Brodmann area 38,,,,,,
60,33,67,13,Right Cerebrum.Limbic Lobe.Superior Temporal Gyrus.Gray Matter.Brodmann area 38,,,,,,
61,55,22,20,Left Cerebellum.Posterior Lobe.Pyramis.Gray Matter.*,,,,,,
62,33,22,20,Right Cerebellum.Posterior Lobe.Pyramis.Gray Matter.*,,,,,,
63,47,27,20,Left Cerebellum.Posterior Lobe.Uvula.Gray Matter.*,,,,,,
64,39,22,19,Right Cerebellum.Posterior Lobe.Uvula.Gray Matter.*,,,,,,
65,43,21,27,Right Cerebellum.*.*.Gray Matter.*,,,,,,
66,45,23,18,Left Cerebellum.*.*.Gray Matter.*,,,,,,
67,45,24,18,Left Cerebellum.Posterior Lobe.Uvula of Vermis.Gray Matter.*,,,,,,
68,44,24,18,Right Cerebellum.Posterior Lobe.Uvula of Vermis.Gray Matter.*,,,,,,
69,44,35,17,Right Cerebellum.Sub-lobar.Fourth Ventricle.Cerebro-Spinal Fluid.*,,,,,,
70,45,36,17,Left Cerebellum.Sub-lobar.Fourth Ventricle.Cerebro-Spinal Fluid.*,,,,,,
71,48,46,20,Left Brainstem.Pons.*.*.*,,,,,,
72,41,47,20,Right Brainstem.Pons.*.*.*,,,,,,
73,32,55,18,*.Limbic Lobe.Uncus.*.*,,,,,,
74,67,81,24,Left Cerebrum.*.*.*.*,,,,,,
75,58,58,16,Left Cerebrum.Limbic Lobe.Uncus.Gray Matter.Brodmann area 36,,,,,,
76,30,58,16,Right Cerebrum.Limbic Lobe.Uncus.Gray Matter.Brodmann area 36,,,,,,
77,12,60,24,Right Cerebrum.Temporal Lobe.Inferior Temporal Gyrus.Gray Matter.Brodmann area 21,WAIS,,,,,
78,73,66,20,Left Cerebrum.Temporal Lobe.Middle Temporal Gyrus.Gray Matter.Brodmann area 21,WAIS,,,,,
79,22,62,17,Right Cerebrum.Temporal Lobe.Middle Temporal Gyrus.Gray Matter.Brodmann area 21,WAIS,,,,,
80,67,28,22,Left Cerebellum.Posterior Lobe.Tuber.Gray Matter.*,,,,,,
81,16,24,22,Right Cerebellum.Posterior Lobe.Tuber.Gray Matter.*,,,,,,
82,45,24,20,Left Cerebellum.Posterior Lobe.Pyramis of Vermis.Gray Matter.*,,,,,,
83,43,24,21,Right Cerebellum.Posterior Lobe.Pyramis of Vermis.Gray Matter.*,,,,,,
84,46,32,21,Left Cerebellum.Anterior Lobe.Nodule.Gray Matter.*,,,,,,
85,56,40,21,Left Cerebellum.Anterior Lobe.*.Gray Matter.*,,,,,,
86,42,32,21,Right Cerebellum.Anterior Lobe.Nodule.Gray Matter.*,,,,,,
87,32,39,21,Right Cerebellum.Anterior Lobe.*.Gray Matter.*,,,,,,
88,52,42,27,Left Cerebellum.Anterior Lobe.Culmen.Gray Matter.*,,,,,,
89,36,41,27,Right Cerebellum.Anterior Lobe.Culmen.Gray Matter.*,,,,,,
90,72,52,20,*.Temporal Lobe.*.*.*,WAIS,,,,,
91,0,0,0,*.Temporal Lobe.Inferior Temporal Gyrus.*.*,WAIS,,,,,
92,0,0,0,Right Cerebrum.Limbic Lobe.Inferior Temporal Gyrus.*.*,,,,,,
93,0,0,0,Left Cerebrum.Limbic Lobe.Inferior Temporal Gyrus.*.*,,,,,,
94,58,56,19,Left Cerebrum.Limbic Lobe.Uncus.Gray Matter.Brodmann area 28,,,,,,
95,33,65,20,Right Cerebrum.Limbic Lobe.Uncus.Gray Matter.Brodmann area 28,,,,,,
96,64,58,18,Left Cerebrum.Limbic Lobe.Sub-Gyral.White Matter.*,,,,,,
97,67,60,18,Left Cerebrum.Temporal Lobe.Inferior Temporal Gyrus.Gray Matter.Brodmann area 21,,,,,,
98,0,0,0,Left Cerebrum.*.Inferior Temporal Gyrus.*.*,,,,,,
99,74,65,18,Left Cerebrum.*.Middle Temporal Gyrus.*.*,,,,,,
100,57,70,17,Left Cerebrum.*.Superior Temporal Gyrus.*.*,,,,,,
101,0,0,0,Left Cerebrum.*.Superior Temporal Gyrus.Gray Matter.Brodmann area 38,,,,,,
102,48,83,17,Left Cerebrum.Frontal Lobe.Orbital Gyrus.Gray Matter.Brodmann area 11,,,,,,
103,41,78,17,Right Cerebrum.*.Orbital Gyrus.Gray Matter.Brodmann area 11,,,,,,
104,0,0,0,*.Frontal Lobe.Orbital Gyrus.*.*,,,,,,
105,52,84,16,Left Cerebrum.Frontal Lobe.Orbital Gyrus.*.*,,,,,,
106,47,79,18,Left Cerebrum.Frontal Lobe.*.*.*,,,,,,
107,44,84,17,Inter-Hemispheric.*.*.*.*,,,,,,
108,35,75,19,Right Cerebrum.Frontal Lobe.*.*.*,,,,,,
109,41,83,17,Right Cerebrum.Frontal Lobe.Orbital Gyrus.Gray Matter.Brodmann area 11,,,,,,
110,37,84,16,Right Cerebrum.Frontal Lobe.Orbital Gyrus.*.*,,,,,,
111,52,81,17,*.*.Orbital Gyrus.*.*,,,,,,
112,48,85,18,Left Cerebrum.Frontal Lobe.Orbital Gyrus.White Matter.*,,,,,,
113,41,85,16,Right Cerebrum.Frontal Lobe.Orbital Gyrus.White Matter.*,,,,,,
114,45,27,22,Left Cerebellum.Posterior Lobe.Tuber of Vermis.Gray Matter.*,,,,,,
115,42,27,22,Right Cerebellum.Posterior Lobe.Tuber of Vermis.Gray Matter.*,,,,,,
116,45,28,22,Left Cerebellum.Anterior Lobe.Pyramis.Gray Matter.*,,,,,,
117,39,28,22,Right Cerebellum.Anterior Lobe.Pyramis.Gray Matter.*,,,,,,
118,36,34,23,Right Cerebellum.Anterior Lobe.*.Gray Matter.Dentate,,,,,,
119,52,33,23,Left Cerebellum.Anterior Lobe.*.Gray Matter.Dentate,,,,,,
120,0,0,0,Left Cerebellum.Posterior Lobe.Culmen.Gray Matter.*,,,,,,
121,74,60,20,Left Cerebrum.Temporal Lobe.Fusiform Gyrus.*.*,WAIS,,,,,
122,12,54,20,Right Cerebrum.Temporal Lobe.Fusiform Gyrus.*.*,WAIS,,,,,
123,72,60,21,Left Cerebrum.Temporal Lobe.Fusiform Gyrus.Gray Matter.Brodmann area 20,WAIS,,,,,
124,13,54,20,Right Cerebrum.Temporal Lobe.Fusiform Gyrus.Gray Matter.Brodmann area 20,WAIS,,,,,
125,63,49,21,Left Cerebrum.Limbic Lobe.Parahippocampal Gyrus.*.*,LOGIMEM,DIGIF,DIGIFLEN,DIGIB,DIGIBLEN,
126,26,49,21,*.Limbic Lobe.Parahippocampal Gyrus.*.*,LOGIMEM,DIGIF,DIGIFLEN,DIGIB,DIGIBLEN,
127,25,49,21,Right Cerebrum.Limbic Lobe.Parahippocampal Gyrus.*.*,LOGIMEM,DIGIF,DIGIFLEN,DIGIB,DIGIBLEN,
128,68,37,27,Left Cerebrum.Temporal Lobe.Fusiform Gyrus.White Matter.*,WAIS,,,,,
129,61,50,21,Left Cerebrum.Limbic Lobe.Parahippocampal Gyrus.Gray Matter.Brodmann area 36,LOGIMEM,DIGIF,DIGIFLEN,DIGIB,DIGIBLEN,
130,29,55,20,Right Cerebrum.Limbic Lobe.Parahippocampal Gyrus.Gray Matter.Brodmann area 36,LOGIMEM,DIGIF,DIGIFLEN,DIGIB,DIGIBLEN,
131,16,55,21,Right Cerebrum.Temporal Lobe.Fusiform Gyrus.White Matter.*,WAIS,,,,,
132,0,0,0,Right Cerebrum.Limbic Lobe.Fusiform Gyrus.*.*,,,,,,
133,62,51,25,Left Cerebrum.Limbic Lobe.Parahippocampal Gyrus.White Matter.*,LOGIMEM,DIGIF,DIGIFLEN,DIGIB,DIGIBLEN,
134,27,52,24,Right Cerebrum.Limbic Lobe.Parahippocampal Gyrus.White Matter.*,LOGIMEM,DIGIF,DIGIFLEN,DIGIB,DIGIBLEN,
135,0,0,0,Right Cerebrum.Limbic Lobe.Fusiform Gyrus.Gray Matter.Brodmann area 20,,,,,,
136,64,52,21,Left Cerebrum.Temporal Lobe.Fusiform Gyrus.Gray Matter.Brodmann area 36,WAIS,,,,,
137,0,0,0,Left Cerebrum.Limbic Lobe.Fusiform Gyrus.White Matter.*,,,,,,
138,25,53,21,Right Cerebrum.Limbic Lobe.Fusiform Gyrus.White Matter.*,,,,,,
139,0,0,0,*.*.Fusiform Gyrus.*.*,,,,,,
140,54,57,20,Left Cerebrum.Limbic Lobe.Parahippocampal Gyrus.Gray Matter.Brodmann area 35,LOGIMEM,DIGIF,DIGIFLEN,DIGIB,DIGIBLEN,
141,31,55,21,Right Cerebrum.Limbic Lobe.Parahippocampal Gyrus.Gray Matter.Brodmann area 35,LOGIMEM,DIGIF,DIGIFLEN,DIGIB,DIGIBLEN,
142,49,73,20,Left Cerebrum.Frontal Lobe.Rectal Gyrus.Gray Matter.Brodmann area 11,TRAILA,TRAILB,,,,
143,46,89,18,Left Cerebrum.Frontal Lobe.Rectal Gyrus.*.*,,,,,,
144,43,88,18,Right Cerebrum.Frontal Lobe.Rectal Gyrus.*.*,,,,,,
145,40,73,20,Right Cerebrum.Frontal Lobe.Rectal Gyrus.Gray Matter.Brodmann area 11,TRAILA,TRAILB,,,,
146,52,73,19,Left Cerebrum.Frontal Lobe.Orbital Gyrus.Gray Matter.Brodmann area 47,TRAILA,TRAILB,,,,
147,36,73,19,Right Cerebrum.Frontal Lobe.Orbital Gyrus.Gray Matter.Brodmann area 47,TRAILA,TRAILB,,,,
148,48,76,22,Left Cerebrum.Frontal Lobe.Rectal Gyrus.White Matter.*,,,,,,
149,41,85,19,Right Cerebrum.Frontal Lobe.Rectal Gyrus.White Matter.*,,,,,,
150,45,75,19,Inter-Hemispheric.*.Rectal Gyrus.*.*,,,,,,
151,58,95,25,Left Cerebrum.Frontal Lobe.Superior Frontal Gyrus.*.*,,,,,,
152,54,95,25,Left Cerebrum.Frontal Lobe.Superior Frontal Gyrus.Gray Matter.Brodmann area 11,,,,,,
153,35,95,25,Right Cerebrum.Frontal Lobe.Superior Frontal Gyrus.Gray Matter.Brodmann area 11,,,,,,
154,34,87,18,Right Cerebrum.Frontal Lobe.Superior Frontal Gyrus.*.*,,,,,,
155,54,90,46,Left Cerebrum.Frontal Lobe.Superior Frontal Gyrus.White Matter.*,,,,,,
156,36,88,51,Right Cerebrum.Frontal Lobe.Superior Frontal Gyrus.White Matter.*,,,,,,
157,51,24,28,Left Cerebellum.Posterior Lobe.Declive.Gray Matter.*,,,,,,
158,30,30,27,Right Cerebellum.Posterior Lobe.Declive.Gray Matter.*,,,,,,
159,45,22,25,Left Cerebellum.Posterior Lobe.Declive of Vermis.Gray Matter.*,,,,,,
160,44,22,25,Right Cerebellum.Posterior Lobe.Declive of Vermis.Gray Matter.*,,,,,,
161,51,31,24,Left Cerebellum.Posterior Lobe.*.Gray Matter.Dentate,,,,,,
162,0,0,0,Left Cerebellum.Posterior Lobe.Fastigium.Gray Matter.*,,,,,,
163,39,31,24,Right Cerebellum.Anterior Lobe.Fastigium.Gray Matter.*,,,,,,
164,36,31,25,Right Cerebellum.Posterior Lobe.*.Gray Matter.Dentate,,,,,,
165,48,32,25,Left Cerebellum.Anterior Lobe.Fastigium.Gray Matter.*,,,,,,
166,20,43,23,Right Cerebrum.Temporal Lobe.Fusiform Gyrus.Gray Matter.Brodmann area 36,WAIS,,,,,
167,0,0,0,Right Cerebrum.*.Fusiform Gyrus.Gray Matter.Brodmann area 20,,,,,,
168,73,42,24,*.Temporal Lobe.Fusiform Gyrus.*.*,WAIS,,,,,
169,56,52,23,Left Cerebrum.Limbic Lobe.Parahippocampal Gyrus.Gray Matter.Brodmann area 28,LOGIMEM,DIGIF,DIGIFLEN,DIGIB,DIGIBLEN,
170,32,53,23,Right Cerebrum.Limbic Lobe.Parahippocampal Gyrus.Gray Matter.Brodmann area 28,LOGIMEM,DIGIF,DIGIFLEN,DIGIB,DIGIBLEN,
171,64,53,23,Left Cerebrum.Temporal Lobe.Sub-Gyral.Gray Matter.Brodmann area 20,WAIS,,,,,
172,24,53,23,Right Cerebrum.Temporal Lobe.Sub-Gyral.Gray Matter.Brodmann area 20,WAIS,,,,,
173,52,46,45,Left Cerebrum.Sub-lobar.Lateral Ventricle.Cerebro-Spinal Fluid.*,,,,,,
174,35,45,44,Right Cerebrum.Sub-lobar.Lateral Ventricle.Cerebro-Spinal Fluid.*,,,,,,
175,60,54,28,Left Cerebrum.Limbic Lobe.Parahippocampal Gyrus.Gray Matter.Hippocampus,LOGIMEM,DIGIF,DIGIFLEN,DIGIB,DIGIBLEN,
176,28,55,26,Right Cerebrum.Limbic Lobe.Parahippocampal Gyrus.Gray Matter.Hippocampus,LOGIMEM,DIGIF,DIGIFLEN,DIGIB,DIGIBLEN,
177,53,58,25,Left Cerebrum.Limbic Lobe.Parahippocampal Gyrus.Gray Matter.Brodmann area 34,LOGIMEM,DIGIF,DIGIFLEN,DIGIB,DIGIBLEN,
178,36,58,23,Right Cerebrum.Limbic Lobe.Parahippocampal Gyrus.Gray Matter.Brodmann area 34,LOGIMEM,DIGIF,DIGIFLEN,DIGIB,DIGIBLEN,
179,52,60,22,Left Cerebrum.Limbic Lobe.Uncus.Gray Matter.Brodmann area 34,,,,,,
180,36,59,22,Right Cerebrum.Limbic Lobe.Uncus.Gray Matter.Brodmann area 34,,,,,,
181,56,61,23,Left Cerebrum.Limbic Lobe.Uncus.Gray Matter.Amygdala,LOGIMEM,DIGIF,DIGIFLEN,DIGIB,DIGIBLEN,
182,31,61,23,Right Cerebrum.Limbic Lobe.Uncus.Gray Matter.Amygdala,LOGIMEM,DIGIF,DIGIFLEN,DIGIB,DIGIBLEN,
183,31,60,26,Right Cerebrum.Limbic Lobe.Parahippocampal Gyrus.Gray Matter.Amygdala,LOGIMEM,DIGIF,DIGIFLEN,DIGIB,DIGIBLEN,
184,78,69,46,*.*.Inferior Frontal Gyrus.*.*,,,,,,
185,56,69,24,Left Cerebrum.Frontal Lobe.Inferior Frontal Gyrus.Gray Matter.Brodmann area 47,,,,,,
186,59,76,22,Left Cerebrum.Frontal Lobe.Inferior Frontal Gyrus.*.*,,,,,,
187,14,77,30,Right Cerebrum.Frontal Lobe.Inferior Frontal Gyrus.*.*,,,,,,
188,36,71,23,Right Cerebrum.Frontal Lobe.Inferior Frontal Gyrus.Gray Matter.Brodmann area 47,,,,,,
189,67,79,35,Left Cerebrum.Frontal Lobe.Inferior Frontal Gyrus.White Matter.*,,,,,,
190,22,80,35,Right Cerebrum.Frontal Lobe.Inferior Frontal Gyrus.White Matter.*,,,,,,
191,56,76,22,Left Cerebrum.Frontal Lobe.Inferior Frontal Gyrus.Gray Matter.Brodmann area 11,,,,,,
192,34,75,21,Right Cerebrum.Frontal Lobe.Inferior Frontal Gyrus.Gray Matter.Brodmann area 11,,,,,,
193,58,62,53,Left Cerebrum.Frontal Lobe.Sub-Gyral.White Matter.*,,,,,,
194,29,56,53,Right Cerebrum.Frontal Lobe.Sub-Gyral.White Matter.*,,,,,,
195,64,86,28,Left Cerebrum.Frontal Lobe.Middle Frontal Gyrus.White Matter.*,,,,,,
196,25,86,28,Right Cerebrum.Frontal Lobe.Middle Frontal Gyrus.White Matter.*,,,,,,
197,59,83,25,Left Cerebrum.Frontal Lobe.Middle Frontal Gyrus.Gray Matter.Brodmann area 11,,,,,,
198,28,83,24,Right Cerebrum.Frontal Lobe.Middle Frontal Gyrus.Gray Matter.Brodmann area 11,,,,,,
199,25,65,67,Right Cerebrum.Frontal Lobe.Middle Frontal Gyrus.*.*,,,,,,
200,0,0,0,Right Cerebrum.*.Orbital Gyrus.*.*,,,,,,
201,43,92,20,Right Cerebrum.*.Superior Frontal Gyrus.*.*,,,,,,
202,56,14,28,Left Cerebrum.Occipital Lobe.Fusiform Gyrus.*.*,,,,,,
203,57,14,28,Left Cerebrum.Occipital Lobe.Fusiform Gyrus.Gray Matter.Brodmann area 18,,,,,,
204,30,14,28,Right Cerebrum.Occipital Lobe.Fusiform Gyrus.*.*,,,,,,
205,29,18,27,Right Cerebrum.Occipital Lobe.Fusiform Gyrus.Gray Matter.Brodmann area 18,,,,,,
206,64,24,30,Left Cerebrum.Occipital Lobe.Fusiform Gyrus.White Matter.*,,,,,,
207,29,22,30,Right Cerebrum.Occipital Lobe.Fusiform Gyrus.White Matter.*,,,,,,
208,71,36,27,Left Cerebrum.Temporal Lobe.Fusiform Gyrus.Gray Matter.Brodmann area 37,WAIS,ANIMALS,VEG,BOSTON,,
209,18,33,27,Right Cerebrum.Temporal Lobe.Fusiform Gyrus.Gray Matter.Brodmann area 37,WAIS,ANIMALS,VEG,BOSTON,,
210,0,0,0,Right Cerebrum.*.Fusiform Gyrus.*.*,,,,,,
211,46,40,29,Left Cerebellum.Anterior Lobe.Cerebellar Lingual.Gray Matter.*,,,,,,
212,42,40,29,Right Cerebellum.Anterior Lobe.Cerebellar Lingual.Gray Matter.*,,,,,,
213,74,32,32,Left Cerebrum.Temporal Lobe.Inferior Temporal Gyrus.Gray Matter.Brodmann area 37,WAIS,ANIMALS,VEG,BOSTON,,
214,15,39,26,Right Cerebrum.Temporal Lobe.Inferior Temporal Gyrus.Gray Matter.Brodmann area 37,WAIS,ANIMALS,VEG,BOSTON,,
215,47,51,27,Left Brainstem.Midbrain.*.*.*,,,,,,
216,41,49,28,Right Brainstem.Midbrain.*.*.*,,,,,,
217,0,0,0,Left Cerebrum.Limbic Lobe.Parahippocampal Gyrus.Gray Matter.Brodmann area 20,LOGIMEM,DIGIF,DIGIFLEN,DIGIB,DIGIBLEN,
218,24,48,25,Right Cerebrum.Limbic Lobe.Parahippocampal Gyrus.Gray Matter.Brodmann area 20,LOGIMEM,DIGIF,DIGIFLEN,DIGIB,DIGIBLEN,
219,55,60,26,Left Cerebrum.Limbic Lobe.Parahippocampal Gyrus.Gray Matter.Amygdala,LOGIMEM,DIGIF,DIGIFLEN,DIGIB,DIGIBLEN,
220,43,63,24,*.*.*.White Matter.*,,,,,,
221,28,65,24,Right Cerebrum.Limbic Lobe.Parahippocampal Gyrus.Gray Matter.Brodmann area 38,LOGIMEM,DIGIF,DIGIFLEN,DIGIB,DIGIBLEN,
222,0,0,0,Right Cerebrum.Temporal Lobe.Sub-Gyral.Gray Matter.Brodmann area 38,WAIS,,,,,
223,45,92,22,Left Cerebrum.Frontal Lobe.Medial Frontal Gyrus.*.*,,,,,,
224,38,96,22,Right Cerebrum.Frontal Lobe.Medial Frontal Gyrus.*.*,,,,,,
225,67,74,25,Left Cerebrum.Frontal Lobe.Superior Temporal Gyrus.*.*,,,,,,
226,46,78,23,Left Cerebrum.Frontal Lobe.Medial Frontal Gyrus.Gray Matter.Brodmann area 25,TRAILA,TRAILB,,,,
227,38,77,23,Right Cerebrum.Frontal Lobe.Medial Frontal Gyrus.Gray Matter.Brodmann area 25,TRAILA,TRAILB,,,,
228,22,73,24,Right Cerebrum.Frontal Lobe.Superior Temporal Gyrus.*.*,,,,,,
229,26,66,26,Right Cerebrum.Temporal Lobe.Inferior Frontal Gyrus.*.*,WAIS,,,,,
230,49,64,65,Left Cerebrum.Frontal Lobe.Medial Frontal Gyrus.White Matter.*,,,,,,
231,39,89,42,Right Cerebrum.Frontal Lobe.Medial Frontal Gyrus.White Matter.*,,,,,,
232,65,69,26,Left Cerebrum.Temporal Lobe.Inferior Frontal Gyrus.*.*,WAIS,,,,,
233,60,79,23,Left Cerebrum.Frontal Lobe.Middle Frontal Gyrus.*.*,,,,,,
234,0,0,0,Left Cerebrum.Frontal Lobe.Inferior Frontal Gyrus.Gray Matter.Brodmann area 25,TRAILA,TRAILB,,,,
235,47,93,23,Left Cerebrum.Frontal Lobe.Medial Frontal Gyrus.Gray Matter.Brodmann area 11,,,,,,
236,42,93,23,Right Cerebrum.Frontal Lobe.Medial Frontal Gyrus.Gray Matter.Brodmann area 11,,,,,,
237,37,79,23,Right Cerebrum.Frontal Lobe.Inferior Frontal Gyrus.Gray Matter.Brodmann area 25,TRAILA,TRAILB,,,,
238,51,24,33,Left Cerebrum.Occipital Lobe.Lingual Gyrus.*.*,,,,,,
239,45,24,34,*.*.Lingual Gyrus.*.*,,,,,,
240,0,0,0,*.Occipital Lobe.*.*.*,,,,,,
241,0,0,0,*.Occipital Lobe.Lingual Gyrus.*.*,,,,,,
242,54,12,33,Left Cerebrum.Occipital Lobe.Lingual Gyrus.Gray Matter.Brodmann area 17,,,,,,
243,42,12,30,Inter-Hemispheric.Occipital Lobe.Lingual Gyrus.*.*,,,,,,
244,43,22,35,Right Cerebrum.Occipital Lobe.Lingual Gyrus.*.*,,,,,,
245,34,12,33,Right Cerebrum.Occipital Lobe.Lingual Gyrus.Gray Matter.Brodmann area 17,,,,,,
246,59,25,29,Left Cerebrum.Occipital Lobe.*.*.*,,,,,,
247,52,22,33,Left Cerebrum.Occipital Lobe.Lingual Gyrus.Gray Matter.Brodmann area 18,,,,,,
248,29,26,29,Right Cerebrum.Occipital Lobe.*.*.*,,,,,,
249,32,26,32,Right Cerebrum.Occipital Lobe.Lingual Gyrus.Gray Matter.Brodmann area 18,,,,,,
250,62,19,31,Left Cerebrum.Occipital Lobe.Inferior Occipital Gyrus.Gray Matter.Brodmann area 18,,,,,,
251,59,18,30,Left Cerebrum.Occipital Lobe.Inferior Occipital Gyrus.*.*,,,,,,
252,51,19,36,Left Cerebrum.Occipital Lobe.Lingual Gyrus.White Matter.*,,,,,,
253,37,19,36,Right Cerebrum.Occipital Lobe.Lingual Gyrus.White Matter.*,,,,,,
254,21,20,29,Right Cerebrum.Occipital Lobe.Inferior Occipital Gyrus.Gray Matter.Brodmann area 18,,,,,,
255,60,17,35,Left Cerebrum.Occipital Lobe.Inferior Occipital Gyrus.White Matter.*,,,,,,
256,26,16,35,Right Cerebrum.Occipital Lobe.Inferior Occipital Gyrus.White Matter.*,,,,,,
257,20,20,29,Right Cerebrum.Occipital Lobe.Inferior Occipital Gyrus.*.*,,,,,,
258,57,23,29,Left Cerebrum.Occipital Lobe.Fusiform Gyrus.Gray Matter.Brodmann area 19,,,,,,
259,26,21,29,Right Cerebrum.Occipital Lobe.Fusiform Gyrus.Gray Matter.Brodmann area 19,,,,,,
260,68,19,30,*.*.Inferior Occipital Gyrus.*.*,,,,,,
261,68,20,30,Left Cerebrum.*.Inferior Occipital Gyrus.*.*,,,,,,
262,0,0,0,Right Cerebrum.*.Inferior Occipital Gyrus.*.*,,,,,,
263,33,22,29,Right Cerebrum.Occipital Lobe.*.Gray Matter.Brodmann area 19,,,,,,
264,56,23,29,Left Cerebrum.Occipital Lobe.*.Gray Matter.Brodmann area 19,,,,,,
265,70,26,30,Left Cerebrum.Temporal Lobe.Fusiform Gyrus.Gray Matter.Brodmann area 19,WAIS,,,,,
266,19,25,29,Right Cerebrum.Temporal Lobe.Fusiform Gyrus.Gray Matter.Brodmann area 19,WAIS,,,,,
267,60,38,28,Left Cerebrum.Temporal Lobe.*.Gray Matter.Brodmann area 37,WAIS,,,,,
268,30,41,28,Right Cerebrum.Temporal Lobe.*.Gray Matter.Brodmann area 37,WAIS,,,,,
269,75,30,39,Left Cerebrum.Temporal Lobe.Middle Temporal Gyrus.Gray Matter.Brodmann area 37,WAIS,ANIMALS,VEG,BOSTON,,
270,59,41,30,Left Cerebrum.Limbic Lobe.Parahippocampal Gyrus.Gray Matter.Brodmann area 37,LOGIMEM,DIGIF,DIGIFLEN,DIGIB,DIGIBLEN,
271,29,44,28,Right Cerebrum.Limbic Lobe.Parahippocampal Gyrus.Gray Matter.Brodmann area 37,LOGIMEM,DIGIF,DIGIFLEN,DIGIB,DIGIBLEN,
272,35,54,27,Right Cerebrum.Limbic Lobe.*.Gray Matter.Brodmann area 35,,,,,,
273,41,62,27,*.*.*.White Matter.Optic Tract,,,,,,
274,46,62,27,*.*.*.Gray Matter.Hypothalamus,,,,,,
275,19,63,28,Right Cerebrum.Temporal Lobe.Sub-Gyral.Gray Matter.Brodmann area 21,WAIS,,,,,
276,18,64,26,Right Cerebrum.Temporal Lobe.Superior Temporal Gyrus.Gray Matter.Brodmann area 21,WAIS,,,,,
277,45,68,26,Left Cerebrum.Frontal Lobe.Subcallosal Gyrus.*.*,,,,,,
278,44,66,26,Right Cerebrum.Frontal Lobe.Subcallosal Gyrus.*.*,,,,,,
279,0,0,0,Left Cerebrum.Limbic Lobe.Subcallosal Gyrus.Gray Matter.Brodmann area 34,,,,,,
280,48,65,27,Left Cerebrum.Frontal Lobe.Subcallosal Gyrus.Gray Matter.Brodmann area 34,,,,,,
281,46,66,27,Left Cerebrum.Frontal Lobe.Subcallosal Gyrus.Gray Matter.Brodmann area 25,TRAILA,TRAILB,,,,
282,42,66,26,Right Cerebrum.Frontal Lobe.Subcallosal Gyrus.Gray Matter.Brodmann area 25,TRAILA,TRAILB,,,,
283,30,65,26,Right Cerebrum.Frontal Lobe.Subcallosal Gyrus.Gray Matter.Brodmann area 34,,,,,,
284,32,65,28,Right Cerebrum.Limbic Lobe.Subcallosal Gyrus.*.*,,,,,,
285,31,65,28,Right Cerebrum.Limbic Lobe.Subcallosal Gyrus.Gray Matter.Brodmann area 34,,,,,,
286,71,60,29,Left Cerebrum.Temporal Lobe.Superior Temporal Gyrus.Gray Matter.Brodmann area 21,WAIS,,,,,
287,0,0,0,Left Cerebrum.Temporal Lobe.Subcallosal Gyrus.Gray Matter.Brodmann area 34,WAIS,,,,,
288,64,68,26,Left Cerebrum.Temporal Lobe.Inferior Frontal Gyrus.Gray Matter.Brodmann area 13,WAIS,TRAILB,TRAILA,,,
289,61,66,27,Left Cerebrum.Temporal Lobe.Inferior Frontal Gyrus.White Matter.*,WAIS,,,,,
290,49,68,27,Left Cerebrum.Frontal Lobe.Subcallosal Gyrus.White Matter.*,,,,,,
291,40,67,27,Right Cerebrum.Frontal Lobe.Subcallosal Gyrus.White Matter.*,,,,,,
292,27,66,26,Right Cerebrum.Temporal Lobe.Inferior Frontal Gyrus.Gray Matter.Brodmann area 13,WAIS,TRAILB,TRAILA,,,
293,28,66,26,Right Cerebrum.Temporal Lobe.Inferior Frontal Gyrus.White Matter.*,WAIS,,,,,
294,63,68,26,Left Cerebrum.Frontal Lobe.Inferior Frontal Gyrus.Gray Matter.Brodmann area 13,TRAILA,TRAILB,,,,
295,25,69,26,Right Cerebrum.Frontal Lobe.Inferior Frontal Gyrus.Gray Matter.Brodmann area 13,TRAILA,TRAILB,,,,
296,53,70,26,Left Cerebrum.Frontal Lobe.Subcallosal Gyrus.Gray Matter.Brodmann area 13,TRAILA,TRAILB,,,,
297,35,70,26,Right Cerebrum.Frontal Lobe.Subcallosal Gyrus.Gray Matter.Brodmann area 13,TRAILA,TRAILB,,,,
298,53,71,26,Left Cerebrum.Frontal Lobe.Subcallosal Gyrus.Gray Matter.Brodmann area 47,,,,,,
299,34,71,26,Right Cerebrum.Frontal Lobe.Subcallosal Gyrus.Gray Matter.Brodmann area 47,,,,,,
300,49,75,26,Left Cerebrum.Frontal Lobe.Subcallosal Gyrus.Gray Matter.Brodmann area 11,,,,,,
301,39,75,26,Right Cerebrum.Frontal Lobe.Subcallosal Gyrus.Gray Matter.Brodmann area 11,,,,,,
302,16,86,29,Right Cerebrum.Frontal Lobe.Middle Frontal Gyrus.Gray Matter.Brodmann area 47,,,,,,
303,56,12,32,Left Cerebrum.Occipital Lobe.Inferior Occipital Gyrus.Gray Matter.Brodmann area 17,,,,,,
304,0,0,0,Right Cerebrum.*.*.Gray Matter.Brodmann area 18,,,,,,
305,30,12,32,Right Cerebrum.Occipital Lobe.Inferior Occipital Gyrus.Gray Matter.Brodmann area 17,,,,,,
306,61,14,39,Left Cerebrum.Occipital Lobe.Middle Occipital Gyrus.Gray Matter.Brodmann area 18,,,,,,
307,26,18,38,Right Cerebrum.Occipital Lobe.Middle Occipital Gyrus.Gray Matter.Brodmann area 18,,,,,,
308,61,23,41,Left Cerebrum.Occipital Lobe.Middle Occipital Gyrus.White Matter.*,,,,,,
309,19,27,33,Right Cerebrum.Occipital Lobe.Middle Occipital Gyrus.White Matter.*,,,,,,
310,75,29,31,Left Cerebrum.Occipital Lobe.Middle Occipital Gyrus.*.*,,,,,,
311,17,23,31,Right Cerebrum.Occipital Lobe.Middle Occipital Gyrus.*.*,,,,,,
312,53,26,31,Left Cerebrum.Occipital Lobe.Sub-Gyral.*.*,,,,,,
313,37,25,31,Right Cerebrum.*.Sub-Gyral.*.*,,,,,,
314,34,28,31,Right Cerebrum.Occipital Lobe.Sub-Gyral.*.*,,,,,,
315,70,20,39,Left Cerebrum.Occipital Lobe.Middle Occipital Gyrus.Gray Matter.Brodmann area 19,,,,,,
316,16,23,38,Right Cerebrum.Occipital Lobe.Middle Occipital Gyrus.Gray Matter.Brodmann area 19,,,,,,
317,75,28,31,*.*.Middle Occipital Gyrus.*.*,,,,,,
318,0,0,0,Right Cerebrum.*.Lingual Gyrus.*.*,,,,,,
319,65,32,33,Left Cerebrum.Occipital Lobe.Sub-Gyral.White Matter.*,,,,,,
320,24,30,32,Right Cerebrum.Occipital Lobe.Sub-Gyral.White Matter.*,,,,,,
321,45,28,31,Left Cerebellum.Anterior Lobe.Culmen of Vermis.Gray Matter.*,,,,,,
322,44,28,31,Right Cerebellum.Anterior Lobe.Culmen of Vermis.Gray Matter.*,,,,,,
323,71,29,32,Left Cerebrum.Occipital Lobe.Middle Occipital Gyrus.Gray Matter.Brodmann area 37,,,,,,
324,13,29,31,Right Cerebrum.Occipital Lobe.Middle Occipital Gyrus.Gray Matter.Brodmann area 37,,,,,,
325,13,30,33,Right Cerebrum.Occipital Lobe.Inferior Temporal Gyrus.*.*,,,,,,
326,71,31,31,Left Cerebrum.Occipital Lobe.Inferior Temporal Gyrus.White Matter.*,,,,,,
327,19,26,37,Right Cerebrum.Occipital Lobe.Inferior Temporal Gyrus.White Matter.*,,,,,,
328,13,30,39,Right Cerebrum.Temporal Lobe.Middle Temporal Gyrus.Gray Matter.Brodmann area 37,WAIS,ANIMALS,VEG,BOSTON,,
329,63,42,30,Left Cerebrum.Occipital Lobe.Fusiform Gyrus.Gray Matter.Brodmann area 37,,ANIMALS,VEG,BOSTON,,
330,27,39,30,Right Cerebrum.Occipital Lobe.Fusiform Gyrus.Gray Matter.Brodmann area 37,,ANIMALS,VEG,BOSTON,,
331,0,0,0,Right Cerebrum.Occipital Lobe.Parahippocampal Gyrus.Gray Matter.Brodmann area 37,LOGIMEM,DIGIF,DIGIFLEN,DIGIB,DIGIBLEN,
332,69,38,31,Left Cerebrum.Temporal Lobe.Sub-Gyral.Gray Matter.Brodmann area 37,WAIS,,,,,
333,19,38,30,Right Cerebrum.Temporal Lobe.Sub-Gyral.Gray Matter.Brodmann area 37,WAIS,,,,,
334,0,0,0,Right Cerebrum.Limbic Lobe.Fusiform Gyrus.Gray Matter.Brodmann area 37,,ANIMALS,VEG,BOSTON,,
335,37,44,32,Right Cerebrum.Limbic Lobe.Sub-Gyral.*.*,,,,,,
336,51,44,32,Left Cerebrum.Limbic Lobe.Sub-Gyral.*.*,,,,,,
337,61,47,30,Left Cerebrum.Temporal Lobe.Sub-Gyral.Gray Matter.Hippocampus,LOGIMEM,DIGIF,DIGIFLEN,DIGIB,DIGIBLEN,
338,27,48,30,Right Cerebrum.Temporal Lobe.Sub-Gyral.Gray Matter.Hippocampus,LOGIMEM,DIGIF,DIGIFLEN,DIGIB,DIGIBLEN,
339,59,49,30,Left Cerebrum.Limbic Lobe.Sub-Gyral.Gray Matter.Hippocampus,LOGIMEM,DIGIF,DIGIFLEN,DIGIB,DIGIBLEN,
340,29,47,32,Right Cerebrum.Limbic Lobe.Sub-Gyral.Gray Matter.Hippocampus,LOGIMEM,DIGIF,DIGIFLEN,DIGIB,DIGIBLEN,
341,48,55,29,Left Brainstem.Midbrain.*.Gray Matter.Substania Nigra,,,,,,
342,39,54,30,Right Brainstem.Midbrain.*.Gray Matter.Substania Nigra,,,,,,
343,47,53,32,Left Brainstem.Midbrain.*.Gray Matter.Red Nucleus,,,,,,
344,42,52,32,Right Brainstem.Midbrain.*.Gray Matter.Red Nucleus,,,,,,
345,0,0,0,Left Cerebrum.Limbic Lobe.Sub-Gyral.Gray Matter.Brodmann area 28,,,,,,
346,32,53,31,Right Cerebrum.Limbic Lobe.*.White Matter.*,,,,,,
347,56,59,45,Left Cerebrum.Sub-lobar.Extra-Nuclear.White Matter.*,,,,,,
348,32,59,45,Right Cerebrum.Sub-lobar.Extra-Nuclear.White Matter.*,,,,,,
349,0,0,0,Left Cerebrum.Temporal Lobe.*.Gray Matter.Caudate Tail,WAIS,,,,,
350,25,55,29,Right Cerebrum.Temporal Lobe.Caudate.Gray Matter.Caudate Tail,WAIS,,,,,
351,63,49,32,Left Cerebrum.Temporal Lobe.Caudate.Gray Matter.Caudate Tail,WAIS,,,,,
352,65,57,29,Left Cerebrum.Temporal Lobe.Sub-Gyral.Gray Matter.Brodmann area 21,WAIS,,,,,
353,60,57,31,Left Cerebrum.Temporal Lobe.Extra-Nuclear.White Matter.*,WAIS,,,,,
354,46,57,29,Left Brainstem.Midbrain.*.Gray Matter.Mammillary Body,,,,,,
355,43,57,29,Right Brainstem.Midbrain.*.Gray Matter.Mammillary Body,,,,,,
356,55,58,29,Left Cerebrum.Sub-lobar.*.Gray Matter.Amygdala,LOGIMEM,DIGIF,DIGIFLEN,DIGIB,DIGIBLEN,
357,32,50,33,Right Cerebrum.*.*.White Matter.*,,,,,,
358,31,58,29,Right Cerebrum.Sub-lobar.*.Gray Matter.Amygdala,LOGIMEM,DIGIF,DIGIFLEN,DIGIB,DIGIBLEN,
359,52,59,29,Left Cerebrum.Sub-lobar.Extra-Nuclear.White Matter.Optic Tract,,,,,,
360,44,60,29,Right Cerebrum.Sub-lobar.Third Ventricle.Cerebro-Spinal Fluid.*,,,,,,
361,37,60,29,Right Cerebrum.Sub-lobar.Extra-Nuclear.White Matter.Optic Tract,,,,,,
362,45,60,29,Left Cerebrum.Sub-lobar.Third Ventricle.Cerebro-Spinal Fluid.*,,,,,,
363,46,60,29,Left Cerebrum.Sub-lobar.*.Gray Matter.Hypothalamus,,,,,,
364,42,61,29,Right Cerebrum.Sub-lobar.*.Gray Matter.Hypothalamus,,,,,,
365,67,64,29,Left Cerebrum.Temporal Lobe.Superior Temporal Gyrus.Gray Matter.Brodmann area 13,WAIS,TRAILB,TRAILA,,,
366,67,63,29,Left Cerebrum.Temporal Lobe.Sub-Gyral.Gray Matter.Brodmann area 13,WAIS,TRAILB,TRAILA,,,
367,23,51,38,Right Cerebrum.Temporal Lobe.Superior Temporal Gyrus.Gray Matter.Brodmann area 13,WAIS,TRAILB,TRAILA,,,
368,21,64,29,Right Cerebrum.Temporal Lobe.Sub-Gyral.Gray Matter.Brodmann area 13,WAIS,TRAILB,TRAILA,,,
369,60,71,28,Left Cerebrum.Sub-lobar.Extra-Nuclear.Gray Matter.Brodmann area 13,TRAILA,TRAILB,,,,
370,52,38,42,Left Cerebrum.Limbic Lobe.Extra-Nuclear.White Matter.*,,,,,,
371,49,83,36,Left Cerebrum.Limbic Lobe.Anterior Cingulate.White Matter.*,,,,,,
372,45,84,27,Left Cerebrum.Limbic Lobe.Anterior Cingulate.*.*,,,,,,
373,42,84,27,Right Cerebrum.Limbic Lobe.Anterior Cingulate.*.*,,,,,,
374,39,83,36,Right Cerebrum.Limbic Lobe.Anterior Cingulate.White Matter.*,,,,,,
375,41,68,29,Right Cerebrum.Limbic Lobe.Extra-Nuclear.White Matter.*,,,,,,
376,23,68,28,Right Cerebrum.Sub-lobar.Extra-Nuclear.Gray Matter.Brodmann area 13,TRAILA,TRAILB,,,,
377,66,68,29,Left Cerebrum.Temporal Lobe.Sub-Gyral.*.*,WAIS,,,,,
378,62,71,28,Left Cerebrum.Sub-lobar.Extra-Nuclear.*.*,,,,,,
379,56,67,35,Left Cerebrum.Sub-lobar.Lentiform Nucleus.Gray Matter.Putamen,,,,,,
380,46,69,28,Left Cerebrum.Limbic Lobe.Anterior Cingulate.Gray Matter.Brodmann area 25,TRAILA,TRAILB,,,,
381,42,69,28,Right Cerebrum.Limbic Lobe.Anterior Cingulate.Gray Matter.Brodmann area 25,TRAILA,TRAILB,,,,
382,32,65,37,Right Cerebrum.Sub-lobar.Lentiform Nucleus.Gray Matter.Putamen,,,,,,
383,22,67,28,Right Cerebrum.Sub-lobar.Extra-Nuclear.*.*,,,,,,
384,21,67,28,Right Cerebrum.Temporal Lobe.Sub-Gyral.*.*,WAIS,,,,,
385,51,70,28,Left Cerebrum.Sub-lobar.*.Gray Matter.*,,,,,,
386,38,69,29,Right Cerebrum.Sub-lobar.*.Gray Matter.*,,,,,,
387,78,68,29,*.Temporal Lobe.Superior Temporal Gyrus.*.*,WAIS,,,,,
388,0,0,0,Left Cerebrum.Frontal Lobe.Sub-Gyral.*.*,,,,,,
389,0,0,0,Right Cerebrum.Frontal Lobe.Sub-Gyral.*.*,,,,,,
390,65,70,29,Left Cerebrum.Frontal Lobe.Extra-Nuclear.*.*,,,,,,
391,0,0,0,Right Cerebrum.Frontal Lobe.Extra-Nuclear.*.*,,,,,,
392,61,72,28,Left Cerebrum.Frontal Lobe.Extra-Nuclear.Gray Matter.Brodmann area 47,,,,,,
393,27,72,28,Right Cerebrum.Frontal Lobe.Extra-Nuclear.Gray Matter.Brodmann area 47,,,,,,
394,72,70,34,Left Cerebrum.Frontal-Temporal Space.*.*.*,,,,,,
395,46,87,36,Left Cerebrum.Limbic Lobe.Anterior Cingulate.Gray Matter.Brodmann area 32,TRAILA,TRAILB,,,,
396,42,83,41,Right Cerebrum.Limbic Lobe.Anterior Cingulate.Gray Matter.Brodmann area 32,TRAILA,TRAILB,,,,
397,13,71,34,Right Cerebrum.Frontal-Temporal Space.*.*.*,TRAILB,,,,,
398,0,0,0,Left Cerebrum.Frontal-Temporal Space.Inferior Frontal Gyrus.*.*,,,,,,
399,60,73,28,Left Cerebrum.Frontal Lobe.Sub-Gyral.Gray Matter.Brodmann area 47,,,,,,
400,0,0,0,Left Cerebrum.Frontal Lobe.Extra-Nuclear.Gray Matter.Brodmann area 13,TRAILB,TRAILA,,,,
401,29,74,30,Right Cerebrum.Sub-lobar.Extra-Nuclear.Gray Matter.Brodmann area 47,,,,,,
402,29,74,28,Right Cerebrum.Frontal Lobe.Sub-Gyral.Gray Matter.Brodmann area 47,,,,,,
403,58,74,28,Left Cerebrum.Frontal Lobe.Extra-Nuclear.White Matter.*,,,,,,
404,33,74,28,Right Cerebrum.Frontal Lobe.Extra-Nuclear.White Matter.*,,,,,,
405,51,80,28,Left Cerebrum.Limbic Lobe.Anterior Cingulate.Gray Matter.Brodmann area 10,TRAILA,TRAILB,,,,
406,47,90,38,Left Cerebrum.Frontal Lobe.Medial Frontal Gyrus.Gray Matter.Brodmann area 10,TRAILA,TRAILB,,,,
407,38,81,28,Right Cerebrum.Limbic Lobe.Anterior Cingulate.Gray Matter.Brodmann area 10,TRAILA,TRAILB,,,,
408,42,90,38,Right Cerebrum.Frontal Lobe.Medial Frontal Gyrus.Gray Matter.Brodmann area 10,TRAILA,TRAILB,,,,
409,72,86,27,Left Cerebrum.Frontal Lobe.Middle Frontal Gyrus.Gray Matter.Brodmann area 47,,,,,,
410,67,92,28,Left Cerebrum.Frontal Lobe.Middle Frontal Gyrus.Gray Matter.Brodmann area 10,TRAILA,TRAILB,,,,
411,22,92,29,Right Cerebrum.Frontal Lobe.Middle Frontal Gyrus.Gray Matter.Brodmann area 10,TRAILA,TRAILB,,,,
412,29,97,30,Right Cerebrum.Frontal Lobe.Superior Frontal Gyrus.Gray Matter.Brodmann area 10,TRAILA,TRAILB,,,,
413,56,96,30,Left Cerebrum.Frontal Lobe.Superior Frontal Gyrus.Gray Matter.Brodmann area 10,TRAILA,TRAILB,,,,
414,68,18,34,Left Cerebrum.Occipital Lobe.Inferior Occipital Gyrus.Gray Matter.Brodmann area 19,,,,,,
415,19,19,34,Right Cerebrum.Occipital Lobe.Inferior Occipital Gyrus.Gray Matter.Brodmann area 19,,,,,,
416,42,26,35,*.*.Sub-Gyral.*.*,,,,,,
417,53,29,34,Left Cerebrum.Occipital Lobe.Lingual Gyrus.Gray Matter.Brodmann area 19,,,,,,
418,35,28,33,Right Cerebrum.Occipital Lobe.Lingual Gyrus.Gray Matter.Brodmann area 19,,,,,,
419,73,32,33,Left Cerebrum.Occipital Lobe.Inferior Temporal Gyrus.*.*,,,,,,
420,75,30,34,Left Cerebrum.Occipital Lobe.Inferior Temporal Gyrus.Gray Matter.Brodmann area 37,,ANIMALS,VEG,BOSTON,,
421,72,33,33,Left Cerebrum.Occipital Lobe.Inferior Temporal Gyrus.Gray Matter.Brodmann area 19,,,,,,
422,16,33,33,Right Cerebrum.Occipital Lobe.Inferior Temporal Gyrus.Gray Matter.Brodmann area 37,,ANIMALS,VEG,BOSTON,,
423,15,31,33,Right Cerebrum.Occipital Lobe.Inferior Temporal Gyrus.Gray Matter.Brodmann area 19,,,,,,
424,33,33,33,Right Cerebrum.Limbic Lobe.Lingual Gyrus.White Matter.*,,,,,,
425,56,33,33,Left Cerebrum.Limbic Lobe.Parahippocampal Gyrus.Gray Matter.Brodmann area 19,LOGIMEM,DIGIF,DIGIFLEN,DIGIB,DIGIBLEN,
426,27,42,32,Right Cerebrum.Limbic Lobe.Parahippocampal Gyrus.Gray Matter.Brodmann area 19,LOGIMEM,DIGIF,DIGIFLEN,DIGIB,DIGIBLEN,
427,0,0,0,Right Cerebrum.Limbic Lobe.Sub-Gyral.Gray Matter.Brodmann area 19,,,,,,
428,0,0,0,Left Cerebrum.Limbic Lobe.Sub-Gyral.Gray Matter.Brodmann area 19,,,,,,
429,52,44,32,Left Cerebrum.Limbic Lobe.Parahippocampal Gyrus.Gray Matter.Brodmann area 30,LOGIMEM,DIGIF,DIGIFLEN,DIGIB,DIGIBLEN,
430,36,42,33,Right Cerebrum.Limbic Lobe.Sub-Gyral.Gray Matter.Brodmann area 30,,,,,,
431,35,43,32,Right Cerebrum.Limbic Lobe.Parahippocampal Gyrus.Gray Matter.Brodmann area 30,LOGIMEM,DIGIF,DIGIFLEN,DIGIB,DIGIBLEN,
432,54,47,32,Left Cerebrum.Limbic Lobe.Parahippocampal Gyrus.Gray Matter.Brodmann area 27,LOGIMEM,DIGIF,DIGIFLEN,DIGIB,DIGIBLEN,
433,32,47,32,Right Cerebrum.Limbic Lobe.Parahippocampal Gyrus.Gray Matter.Brodmann area 27,LOGIMEM,DIGIF,DIGIFLEN,DIGIB,DIGIBLEN,
434,0,0,0,Right Cerebrum.Temporal Lobe.*.White Matter.*,WAIS,,,,,
435,62,50,32,Left Cerebrum.Sub-lobar.Caudate.Gray Matter.Caudate Tail,,,,,,
436,26,49,32,Right Cerebrum.Sub-lobar.Caudate.Gray Matter.Caudate Tail,,,,,,
437,53,50,32,Left Brainstem.Midbrain.Thalamus.Gray Matter.Medial Geniculum Body,,,,,,
438,36,50,32,Right Brainstem.Midbrain.Thalamus.Gray Matter.Medial Geniculum Body,,,,,,
439,64,64,32,Left Cerebrum.Sub-lobar.Insula.White Matter.*,,,,,,
440,35,54,32,Right Cerebrum.Midbrain.*.*.*,,,,,,
441,25,67,32,Right Cerebrum.Sub-lobar.Insula.White Matter.*,,,,,,
442,76,66,33,Left Cerebrum.Temporal Lobe.Superior Temporal Gyrus.Gray Matter.Brodmann area 22,WAIS,,,,,
443,67,51,34,Left Cerebrum.Sub-lobar.Insula.Gray Matter.Brodmann area 22,,,,,,
444,22,57,32,Right Cerebrum.Sub-lobar.Insula.Gray Matter.Brodmann area 13,TRAILA,TRAILB,,,,
445,22,52,32,Right Cerebrum.Sub-lobar.Insula.Gray Matter.Brodmann area 22,,,,,,
446,12,66,32,Right Cerebrum.Temporal Lobe.Superior Temporal Gyrus.Gray Matter.Brodmann area 22,WAIS,,,,,
447,66,62,40,Left Cerebrum.Sub-lobar.Insula.Gray Matter.Brodmann area 13,TRAILA,TRAILB,,,,
448,67,63,31,Left Cerebrum.Sub-lobar.Insula.*.*,,,,,,
449,62,63,31,Left Cerebrum.Sub-lobar.Claustrum.Gray Matter.*,,,,,,
450,30,71,30,Right Cerebrum.Sub-lobar.Claustrum.Gray Matter.*,,,,,,
451,24,71,30,Right Cerebrum.Sub-lobar.Insula.*.*,,,,,,
452,56,59,32,Left Cerebrum.Sub-lobar.Lentiform Nucleus.Gray Matter.Lateral Globus Pallidus,,,,,,
453,49,55,32,Left Brainstem.Midbrain.*.Gray Matter.Subthalamic Nucleus,,,,,,
454,39,57,31,Right Brainstem.Midbrain.*.Gray Matter.Subthalamic Nucleus,,,,,,
455,32,58,34,Right Cerebrum.Sub-lobar.Lentiform Nucleus.Gray Matter.Lateral Globus Pallidus,,,,,,
456,53,60,32,Left Cerebrum.Sub-lobar.Lentiform Nucleus.Gray Matter.Medial Globus Pallidus,,,,,,
457,36,61,32,Right Cerebrum.Sub-lobar.Lentiform Nucleus.Gray Matter.Medial Globus Pallidus,,,,,,
458,73,57,32,Left Cerebrum.Temporal Lobe.Middle Temporal Gyrus.Gray Matter.Brodmann area 22,WAIS,,,,,
459,43,62,33,Right Brainstem.Midbrain.Extra-Nuclear.White Matter.*,,,,,,
460,19,48,35,Right Cerebrum.Temporal Lobe.Middle Temporal Gyrus.Gray Matter.Brodmann area 22,WAIS,,,,,
461,46,60,31,Left Cerebrum.Sub-lobar.*.White Matter.*,,,,,,
462,43,60,31,Right Cerebrum.Sub-lobar.*.White Matter.*,,,,,,
463,20,61,34,Right Cerebrum.Temporal Lobe.Insula.*.*,WAIS,,,,,
464,49,71,34,Left Cerebrum.Sub-lobar.Caudate.Gray Matter.Caudate Head,,,,,,
465,40,71,34,Right Cerebrum.Sub-lobar.Caudate.Gray Matter.Caudate Head,,,,,,
466,28,73,30,Right Cerebrum.Sub-lobar.Insula.Gray Matter.Brodmann area 47,,,,,,
467,26,71,30,Right Cerebrum.Sub-lobar.Inferior Frontal Gyrus.Gray Matter.Brodmann area 47,,,,,,
468,60,73,31,Left Cerebrum.Sub-lobar.Insula.Gray Matter.Brodmann area 47,,,,,,
469,46,80,41,Left Cerebrum.Limbic Lobe.Anterior Cingulate.Gray Matter.Brodmann area 24,TRAILA,TRAILB,,,,
470,42,81,40,Right Cerebrum.Limbic Lobe.Anterior Cingulate.Gray Matter.Brodmann area 24,TRAILA,TRAILB,,,,
471,43,95,32,Right Cerebrum.Frontal Lobe.*.Gray Matter.Brodmann area 10,TRAILA,TRAILB,,,,
472,0,0,0,Right Cerebrum.*.Medial Frontal Gyrus.*.*,,,,,,
473,55,10,36,Left Cerebrum.Occipital Lobe.Cuneus.*.*,,,,,,
474,46,20,46,Left Cerebrum.Occipital Lobe.Cuneus.Gray Matter.Brodmann area 18,,,,,,
475,47,21,43,Left Cerebrum.Occipital Lobe.Cuneus.Gray Matter.Brodmann area 17,,,,,,
476,34,10,36,Right Cerebrum.Occipital Lobe.Cuneus.*.*,,,,,,
477,42,21,43,Right Cerebrum.Occipital Lobe.Cuneus.Gray Matter.Brodmann area 17,,,,,,
478,42,19,45,Right Cerebrum.Occipital Lobe.Cuneus.Gray Matter.Brodmann area 18,,,,,,
479,70,24,36,Left Cerebrum.Temporal Lobe.Inferior Temporal Gyrus.Gray Matter.Brodmann area 19,WAIS,,,,,
480,13,27,35,Right Cerebrum.Temporal Lobe.Inferior Temporal Gyrus.Gray Matter.Brodmann area 19,WAIS,,,,,
481,52,41,34,Left Cerebrum.Occipital Lobe.Lingual Gyrus.Gray Matter.Brodmann area 30,,,,,,
482,35,42,35,Right Cerebrum.Occipital Lobe.Lingual Gyrus.Gray Matter.Brodmann area 30,,,,,,
483,72,83,32,Left Cerebrum.Frontal Lobe.Inferior Frontal Gyrus.Gray Matter.Brodmann area 10,TRAILA,TRAILB,,,,
484,18,90,32,Right Cerebrum.Frontal Lobe.Inferior Frontal Gyrus.Gray Matter.Brodmann area 10,TRAILA,TRAILB,,,,
485,49,13,42,Left Cerebrum.Occipital Lobe.Cuneus.White Matter.*,,,,,,
486,39,14,42,Right Cerebrum.Occipital Lobe.Cuneus.White Matter.*,,,,,,
487,69,23,36,Left Cerebrum.Occipital Lobe.Inferior Temporal Gyrus.Gray Matter.Brodmann area 18,,,,,,
488,0,0,0,Right Cerebrum.Occipital Lobe.Inferior Temporal Gyrus.Gray Matter.Brodmann area 18,,,,,,
489,55,42,35,Left Cerebrum.Limbic Lobe.Lingual Gyrus.White Matter.*,,,,,,
490,0,0,0,Left Cerebrum.Temporal Lobe.Sub-Gyral.Gray Matter.*,WAIS,,,,,
491,25,46,34,Right Cerebrum.Temporal Lobe.Sub-Gyral.Gray Matter.*,WAIS,,,,,
492,62,47,35,Left Cerebrum.Temporal Lobe.*.White Matter.Caudate Tail,WAIS,,,,,
493,0,0,0,Left Cerebrum.Sub-lobar.Caudate.Gray Matter.*,,,,,,
494,0,0,0,Left Cerebrum.Sub-lobar.Extra-Nuclear.White Matter.Caudate Tail,,,,,,
495,38,75,32,Right Cerebrum.Sub-lobar.Caudate.Gray Matter.*,,,,,,
496,0,0,0,Right Cerebrum.Sub-lobar.Extra-Nuclear.White Matter.Caudate Tail,,,,,,
497,55,50,34,Left Cerebrum.Sub-lobar.*.Gray Matter.Lateral Geniculum Body,,,,,,
498,53,50,34,Left Brainstem.Midbrain.*.Gray Matter.Medial Geniculum Body,,,,,,
499,35,50,34,Right Brainstem.Midbrain.*.Gray Matter.Medial Geniculum Body,,,,,,
500,32,51,34,Right Cerebrum.Sub-lobar.*.Gray Matter.Lateral Geniculum Body,,,,,,
501,48,64,33,Left Cerebrum.Sub-lobar.Lentiform Nucleus.Gray Matter.*,,,,,,
502,40,61,33,Right Cerebrum.Midbrain.Extra-Nuclear.White Matter.*,,,,,,
503,0,0,0,Left Brainstem.Midbrain.*.White Matter.*,,,,,,
504,45,64,33,Left Cerebrum.Sub-lobar.Extra-Nuclear.White Matter.Anterior Commissure,,,,,,
505,0,0,0,Inter-Hemispheric.*.*.White Matter.Anterior Commissure,,,,,,
506,43,64,33,Right Cerebrum.Sub-lobar.Extra-Nuclear.White Matter.Anterior Commissure,,,,,,
507,0,0,0,Left Cerebrum.Frontal-Temporal Space.Superior Temporal Gyrus.*.*,,,,,,
508,47,46,45,Left Cerebrum.Sub-lobar.Extra-Nuclear.White Matter.Corpus Callosum,,,,,,
509,44,73,37,Inter-Hemispheric.*.*.White Matter.Corpus Callosum,,,,,,
510,41,44,43,Right Cerebrum.Sub-lobar.Extra-Nuclear.White Matter.Corpus Callosum,,,,,,
511,62,73,33,Left Cerebrum.Sub-lobar.Extra-Nuclear.Gray Matter.Brodmann area 47,,,,,,
512,0,0,0,Left Cerebrum.Sub-lobar.Extra-Nuclear.Cerebro-Spinal Fluid.*,,,,,,
513,0,0,0,Right Cerebrum.Sub-lobar.Claustrum.White Matter.*,,,,,,
514,52,69,47,Left Cerebrum.Frontal Lobe.Sub-Gyral.White Matter.Corpus Callosum,,,,,,
515,38,78,32,Right Cerebrum.Frontal Lobe.Sub-Gyral.White Matter.Corpus Callosum,,,,,,
516,0,0,0,Left Cerebrum.Frontal Lobe.Sub-Gyral.Gray Matter.Brodmann area 10,TRAILA,TRAILB,,,,
517,22,86,32,Right Cerebrum.Frontal Lobe.Sub-Gyral.Gray Matter.Brodmann area 10,TRAILA,TRAILB,,,,
518,78,33,36,*.*.*.Gray Matter.*,,,,,,
519,63,13,37,Left Cerebrum.Occipital Lobe.*.Gray Matter.*,,,,,,
520,60,12,37,Left Cerebrum.Occipital Lobe.Middle Occipital Gyrus.Gray Matter.*,,,,,,
521,28,12,37,Right Cerebrum.Occipital Lobe.Middle Occipital Gyrus.Gray Matter.*,,,,,,
522,25,13,37,Right Cerebrum.*.*.Gray Matter.*,,,,,,
523,70,19,37,*.*.Middle Occipital Gyrus.Gray Matter.*,,,,,,
524,44,25,36,Inter-Hemispheric.*.Lingual Gyrus.*.*,,,,,,
525,41,30,36,Right Cerebrum.Occipital Lobe.Lingual Gyrus.Gray Matter.*,,,,,,
526,0,0,0,Left Cerebrum.Limbic Lobe.Lingual Gyrus.Gray Matter.*,,,,,,
527,0,0,0,*.*.Middle Temporal Gyrus.Gray Matter.*,,,,,,
528,78,36,36,Left Cerebrum.Temporal Lobe.Middle Temporal Gyrus.Gray Matter.*,WAIS,,,,,
529,48,56,36,Left Cerebrum.Sub-lobar.Thalamus.Gray Matter.*,,,,,,
530,0,0,0,*.Sub-lobar.Extra-Nuclear.White Matter.*,,,,,,
531,42,60,37,Right Cerebrum.Sub-lobar.Thalamus.Gray Matter.*,,,,,,
532,73,65,34,Left Cerebrum.Temporal Lobe.Superior Temporal Gyrus.Gray Matter.*,WAIS,,,,,
533,50,12,38,Left Cerebrum.Occipital Lobe.Cuneus.Gray Matter.*,,,,,,
534,0,0,0,Inter-Hemispheric.Occipital Lobe.*.Gray Matter.*,,,,,,
535,34,10,38,Right Cerebrum.Occipital Lobe.Cuneus.Gray Matter.*,,,,,,
536,0,0,0,Right Cerebrum.*.Cuneus.Gray Matter.*,,,,,,
537,0,0,0,Inter-Hemispheric.Occipital Lobe.Cuneus.Gray Matter.Brodmann area 18,,,,,,
538,44,12,38,Inter-Hemispheric.*.Cuneus.*.*,,,,,,
539,29,12,38,Right Cerebrum.Occipital Lobe.*.Gray Matter.*,,,,,,
540,0,0,0,Inter-Hemispheric.Occipital Lobe.Cuneus.Gray Matter.Brodmann area 17,,,,,,
541,51,35,36,Left Cerebrum.Occipital Lobe.Lingual Gyrus.Gray Matter.*,,,,,,
542,0,0,0,Right Cerebrum.*.Middle Occipital Gyrus.Gray Matter.*,,,,,,
543,45,14,43,Inter-Hemispheric.Occipital Lobe.Cuneus.*.*,,,,,,
544,0,0,0,Inter-Hemispheric.Occipital Lobe.Cuneus.Gray Matter.*,,,,,,
545,0,0,0,Inter-Hemispheric.Occipital Lobe.Lingual Gyrus.Gray Matter.*,,,,,,
546,0,0,0,Right Cerebrum.*.Middle Occipital Gyrus.*.*,,,,,,
547,47,11,44,Inter-Hemispheric.Occipital Lobe.*.*.*,,,,,,
548,73,25,37,Left Cerebrum.Occipital Lobe.Inferior Temporal Gyrus.Gray Matter.*,,,,,,
549,14,26,37,Right Cerebrum.Occipital Lobe.Inferior Temporal Gyrus.Gray Matter.*,,,,,,
550,75,26,37,*.*.Inferior Temporal Gyrus.Gray Matter.*,,,,,,
551,0,0,0,Right Cerebrum.*.Inferior Temporal Gyrus.Gray Matter.*,,,,,,
552,59,28,37,Left Cerebrum.Occipital Lobe.Sub-Gyral.Gray Matter.*,,,,,,
553,75,29,37,Left Cerebrum.Temporal Lobe.Inferior Temporal Gyrus.Gray Matter.*,WAIS,,,,,
554,15,30,37,Right Cerebrum.Temporal Lobe.Inferior Temporal Gyrus.Gray Matter.*,WAIS,,,,,
555,10,47,35,Right Cerebrum.Temporal Lobe.Middle Temporal Gyrus.Gray Matter.*,WAIS,,,,,
556,69,30,37,Left Cerebrum.Occipital Lobe.Middle Temporal Gyrus.*.*,,,,,,
557,0,0,0,Left Cerebrum.Occipital Lobe.Middle Temporal Gyrus.Gray Matter.*,,,,,,
558,68,30,37,Left Cerebrum.Occipital Lobe.Middle Temporal Gyrus.Gray Matter.Brodmann area 37,BOSTON,ANIMALS,VEG,,,
559,0,0,0,*.*.Culmen of Vermis.*.*,,,,,,
560,21,31,37,Right Cerebrum.Occipital Lobe.Middle Temporal Gyrus.Gray Matter.Brodmann area 37,BOSTON,ANIMALS,VEG,,,
561,12,28,38,Right Cerebrum.Occipital Lobe.Middle Temporal Gyrus.*.*,,,,,,
562,63,32,45,Left Cerebrum.Occipital Lobe.Middle Temporal Gyrus.White Matter.*,,,,,,
563,10,37,36,Right Cerebrum.*.Middle Temporal Gyrus.*.*,,,,,,
564,0,0,0,Right Cerebellum.Anterior Lobe.Culmen.Gray Matter.Brodmann area 19,,,,,,
565,0,0,0,Left Cerebrum.Temporal Lobe.Lingual Gyrus.White Matter.*,WAIS,,,,,
566,0,0,0,Left Cerebrum.Temporal Lobe.Lingual Gyrus.Gray Matter.Brodmann area 19,WAIS,,,,,
567,38,39,36,Right Cerebrum.Limbic Lobe.Parahippocampal Gyrus.Gray Matter.*,LOGIMEM,DIGIF,DIGIFLEN,DIGIB,DIGIBLEN,
568,35,39,36,Right Cerebrum.Temporal Lobe.Lingual Gyrus.Gray Matter.Brodmann area 19,WAIS,,,,,
569,33,39,36,Right Cerebrum.Temporal Lobe.Lingual Gyrus.White Matter.*,WAIS,,,,,
570,50,39,36,Left Cerebrum.Limbic Lobe.Parahippocampal Gyrus.Gray Matter.*,LOGIMEM,DIGIF,DIGIFLEN,DIGIB,DIGIBLEN,
571,0,0,0,Left Cerebrum.Temporal Lobe.*.Cerebro-Spinal Fluid.Caudate Tail,WAIS,,,,,
572,0,0,0,Left Cerebrum.Temporal Lobe.*.White Matter.*,WAIS,,,,,
573,27,46,43,Right Cerebrum.Temporal Lobe.Extra-Nuclear.White Matter.*,WAIS,,,,,
574,42,46,36,Right Brainstem.*.*.*.*,,,,,,
575,13,60,34,Right Cerebrum.Temporal Lobe.Superior Temporal Gyrus.Gray Matter.*,WAIS,,,,,
576,45,51,35,Left Brainstem.Midbrain.Extra-Nuclear.White Matter.*,,,,,,
577,0,0,0,Right Cerebrum.*.Superior Temporal Gyrus.*.*,,,,,,
578,67,51,35,Left Cerebrum.Temporal Lobe.Insula.Gray Matter.*,WAIS,,,,,
579,54,54,38,Left Cerebrum.Sub-lobar.Thalamus.Gray Matter.Ventral Posterior Lateral Nucleus,,,,,,
580,52,52,35,Left Cerebrum.Sub-lobar.Thalamus.Gray Matter.Ventral Posterior Medial Nucleus,,,,,,
581,50,53,36,Left Cerebrum.Sub-lobar.Thalamus.Gray Matter.Mammillary Body,,,,,,
582,38,52,35,Right Cerebrum.Sub-lobar.Thalamus.Gray Matter.Mammillary Body,,,,,,
583,36,52,35,Right Cerebrum.Sub-lobar.Thalamus.Gray Matter.Ventral Posterior Medial Nucleus,,,,,,
584,34,53,38,Right Cerebrum.Sub-lobar.Thalamus.Gray Matter.Ventral Posterior Lateral Nucleus,,,,,,
585,22,65,34,Right Cerebrum.Sub-lobar.Insula.Gray Matter.*,,,,,,
586,20,59,35,Right Cerebrum.Temporal Lobe.Insula.Gray Matter.*,WAIS,,,,,
587,67,52,36,Left Cerebrum.Temporal Lobe.Insula.Gray Matter.Brodmann area 22,WAIS,,,,,
588,21,52,35,Right Cerebrum.Temporal Lobe.Insula.Gray Matter.Brodmann area 22,WAIS,,,,,
589,67,52,35,Left Cerebrum.Temporal Lobe.Insula.Gray Matter.Brodmann area 13,WAIS,TRAILB,TRAILA,,,
590,0,0,0,Right Cerebrum.Temporal Lobe.Insula.Gray Matter.Brodmann area 13,WAIS,TRAILB,TRAILA,,,
591,68,56,35,Left Cerebrum.Temporal Lobe.Insula.*.*,WAIS,,,,,
592,63,65,34,Left Cerebrum.Sub-lobar.Insula.Gray Matter.*,,,,,,
593,0,0,0,Right Cerebrum.Sub-lobar.Extra-Nuclear.White Matter.Medial Globus Pallidus,,,,,,
594,38,66,34,Right Cerebrum.Sub-lobar.Extra-Nuclear.White Matter.Lateral Globus Pallidus,,,,,,
595,0,0,0,Left Cerebrum.Sub-lobar.Extra-Nuclear.White Matter.Lateral Globus Pallidus,,,,,,
596,52,68,34,Left Cerebrum.Sub-lobar.Extra-Nuclear.White Matter.Putamen,,,,,,
597,0,0,0,Right Cerebrum.Sub-lobar.Extra-Nuclear.White Matter.Putamen,,,,,,
598,0,0,0,Left Cerebrum.Sub-lobar.Caudate.Cerebro-Spinal Fluid.Caudate Head,,,,,,
599,72,81,33,Left Cerebrum.Frontal Lobe.Inferior Frontal Gyrus.Gray Matter.*,,,,,,
600,20,91,32,Right Cerebrum.Frontal Lobe.Inferior Frontal Gyrus.Gray Matter.*,,,,,,
601,0,0,0,Right Cerebrum.Sub-lobar.Caudate.Cerebro-Spinal Fluid.Caudate Head,,,,,,
602,74,80,33,Left Cerebrum.Frontal Lobe.Inferior Frontal Gyrus.Gray Matter.Brodmann area 45,TRAILA,TRAILB,,,,
603,13,76,36,Right Cerebrum.Frontal Lobe.Inferior Frontal Gyrus.Gray Matter.Brodmann area 45,TRAILA,TRAILB,,,,
604,62,76,34,Left Cerebrum.Sub-lobar.Inferior Frontal Gyrus.Gray Matter.Brodmann area 47,,,,,,
605,46,79,33,Left Cerebrum.Limbic Lobe.Anterior Cingulate.Gray Matter.*,,,,,,
606,42,79,33,Right Cerebrum.Limbic Lobe.Anterior Cingulate.Gray Matter.*,,,,,,
607,73,84,39,Left Cerebrum.Frontal Lobe.Inferior Frontal Gyrus.Gray Matter.Brodmann area 46,TRAILA,TRAILB,,,,
608,18,86,38,Right Cerebrum.Frontal Lobe.Inferior Frontal Gyrus.Gray Matter.Brodmann area 46,TRAILA,TRAILB,,,,
609,57,88,33,Left Cerebrum.Frontal Lobe.Sub-Gyral.Gray Matter.*,,,,,,
610,46,69,59,Left Cerebrum.Frontal Lobe.Medial Frontal Gyrus.Gray Matter.Brodmann area 32,TRAILA,TRAILB,,,,
611,53,94,32,Left Cerebrum.Frontal Lobe.Medial Frontal Gyrus.Gray Matter.*,,,,,,
612,42,69,59,Right Cerebrum.Frontal Lobe.Medial Frontal Gyrus.Gray Matter.Brodmann area 32,TRAILA,TRAILB,,,,
613,30,96,32,Right Cerebrum.Frontal Lobe.Superior Frontal Gyrus.Gray Matter.*,,,,,,
614,25,89,33,Right Cerebrum.Frontal Lobe.Sub-Gyral.Gray Matter.*,,,,,,
615,51,97,32,Left Cerebrum.Frontal Lobe.Superior Frontal Gyrus.Gray Matter.*,,,,,,
616,41,92,32,Right Cerebrum.Frontal Lobe.Medial Frontal Gyrus.Gray Matter.*,,,,,,
617,63,94,32,Left Cerebrum.Frontal Lobe.Middle Frontal Gyrus.Gray Matter.*,,,,,,
618,25,94,32,Right Cerebrum.Frontal Lobe.Middle Frontal Gyrus.Gray Matter.*,,,,,,
619,44,92,32,Inter-Hemispheric.Frontal Lobe.*.*.*,,,,,,
620,0,0,0,Right Cerebrum.Frontal Lobe.*.Gray Matter.*,,,,,,
621,47,46,37,Inter-Hemispheric.Sub-lobar.Extra-Nuclear.White Matter.*,,,,,,
622,52,49,39,Left Cerebrum.Sub-lobar.Thalamus.Gray Matter.Pulvinar,,,,,,
623,35,49,39,Right Cerebrum.Sub-lobar.Thalamus.Gray Matter.Pulvinar,,,,,,
624,43,51,37,Inter-Hemispheric.*.*.Cerebro-Spinal Fluid.Optic Tract,,,,,,
625,70,28,39,Left Cerebrum.Temporal Lobe.Middle Occipital Gyrus.*.*,WAIS,,,,,
626,19,28,40,Right Cerebrum.Temporal Lobe.Middle Occipital Gyrus.*.*,WAIS,,,,,
627,21,27,40,Right Cerebrum.Temporal Lobe.Middle Occipital Gyrus.Gray Matter.Brodmann area 37,WAIS,ANIMALS,VEG,BOSTON,,
628,0,0,0,Left Cerebrum.Temporal Lobe.Middle Occipital Gyrus.Gray Matter.Brodmann area 37,WAIS,ANIMALS,VEG,BOSTON,,
629,60,33,38,Left Cerebrum.Temporal Lobe.Middle Occipital Gyrus.White Matter.*,WAIS,,,,,
630,28,33,38,Right Cerebrum.Temporal Lobe.Middle Occipital Gyrus.White Matter.*,WAIS,,,,,
631,57,34,38,Left Cerebrum.Limbic Lobe.Parahippocampal Gyrus.Gray Matter.Brodmann area 18,LOGIMEM,DIGIF,DIGIFLEN,DIGIB,DIGIBLEN,
632,31,34,38,Right Cerebrum.Limbic Lobe.Parahippocampal Gyrus.Gray Matter.Brodmann area 18,LOGIMEM,DIGIF,DIGIFLEN,DIGIB,DIGIBLEN,
633,45,53,37,Inter-Hemispheric.Sub-lobar.Extra-Nuclear.Cerebro-Spinal Fluid.Optic Tract,,,,,,
634,20,54,37,Right Cerebrum.Sub-lobar.Superior Temporal Gyrus.Gray Matter.Brodmann area 22,,,,,,
635,66,49,43,Left Cerebrum.Temporal Lobe.Insula.White Matter.*,WAIS,,,,,
636,48,55,40,Left Cerebrum.Sub-lobar.Thalamus.Gray Matter.Medial Dorsal Nucleus,,,,,,
637,41,54,39,Right Cerebrum.Sub-lobar.Thalamus.Gray Matter.Medial Dorsal Nucleus,,,,,,
638,45,54,37,Left Cerebrum.Sub-lobar.Extra-Nuclear.Cerebro-Spinal Fluid.Optic Tract,,,,,,
639,44,55,37,Right Cerebrum.*.*.Cerebro-Spinal Fluid.Optic Tract,,,,,,
640,34,58,36,Right Cerebrum.Sub-lobar.Lentiform Nucleus.Gray Matter.*,,,,,,
641,0,0,0,Right Cerebrum.Sub-lobar.Extra-Nuclear.Cerebro-Spinal Fluid.Optic Tract,,,,,,
642,19,63,37,Right Cerebrum.Sub-lobar.Superior Temporal Gyrus.*.*,,,,,,
643,51,58,39,Left Cerebrum.Sub-lobar.Thalamus.Gray Matter.Ventral Lateral Nucleus,,,,,,
644,37,58,40,Right Cerebrum.Sub-lobar.Thalamus.Gray Matter.Ventral Lateral Nucleus,,,,,,
645,44,58,36,Right Cerebrum.*.Thalamus.Gray Matter.*,,,,,,
646,51,61,40,Left Cerebrum.Sub-lobar.Thalamus.Gray Matter.Ventral Anterior Nucleus,,,,,,
647,39,60,36,Right Cerebrum.Sub-lobar.Thalamus.Gray Matter.Ventral Anterior Nucleus,,,,,,
648,70,69,36,Left Cerebrum.Frontal-Temporal Space.Insula.*.*,,,,,,
649,69,70,36,Left Cerebrum.Frontal Lobe.Insula.*.*,,,,,,
650,26,76,35,Right Cerebrum.Sub-lobar.Inferior Frontal Gyrus.*.*,,,,,,
651,45,73,39,Inter-Hemispheric.Sub-lobar.Extra-Nuclear.White Matter.Corpus Callosum,,,,,,
652,44,73,35,Right Cerebrum.*.*.White Matter.Corpus Callosum,,,,,,
653,22,73,35,Right Cerebrum.Sub-lobar.Inferior Frontal Gyrus.Gray Matter.Brodmann area 45,TRAILA,TRAILB,,,,
654,0,0,0,Left Cerebrum.Sub-lobar.Inferior Frontal Gyrus.*.*,,,,,,
655,0,0,0,Left Cerebrum.Sub-lobar.Insula.Gray Matter.Brodmann area 45,TRAILA,TRAILB,,,,
656,0,0,0,Right Cerebrum.Sub-lobar.Insula.Gray Matter.Brodmann area 45,TRAILA,TRAILB,,,,
657,0,0,0,Right Cerebrum.Sub-lobar.*.White Matter.Corpus Callosum,,,,,,
658,17,87,41,Right Cerebrum.Frontal Lobe.Middle Frontal Gyrus.Gray Matter.Brodmann area 46,TRAILA,TRAILB,,,,
659,45,94,34,Inter-Hemispheric.Frontal Lobe.Medial Frontal Gyrus.*.*,,,,,,
660,46,26,40,Left Cerebrum.Occipital Lobe.Cuneus.Gray Matter.Brodmann area 30,,,,,,
661,42,26,40,Right Cerebrum.Occipital Lobe.Cuneus.Gray Matter.Brodmann area 30,,,,,,
662,49,33,44,Left Cerebrum.Limbic Lobe.Posterior Cingulate.White Matter.*,,,,,,
663,53,34,41,Left Cerebrum.Limbic Lobe.Posterior Cingulate.Gray Matter.Brodmann area 30,,,,,,
664,38,35,43,Right Cerebrum.Limbic Lobe.Posterior Cingulate.White Matter.*,,,,,,
665,42,38,45,Right Cerebrum.Limbic Lobe.Posterior Cingulate.Gray Matter.Brodmann area 30,,,,,,
666,0,0,0,Left Cerebrum.Occipital Lobe.Posterior Cingulate.White Matter.*,,,,,,
667,45,38,39,Left Cerebrum.Limbic Lobe.Posterior Cingulate.*.*,,,,,,
668,42,38,39,Right Cerebrum.Limbic Lobe.Posterior Cingulate.*.*,,,,,,
669,0,0,0,Right Cerebrum.Occipital Lobe.Posterior Cingulate.Gray Matter.Brodmann area 30,,,,,,
670,47,39,39,Left Cerebrum.Limbic Lobe.Posterior Cingulate.Gray Matter.Brodmann area 29,,,,,,
671,38,38,39,Right Cerebrum.Limbic Lobe.Posterior Cingulate.Gray Matter.Brodmann area 29,,,,,,
672,64,47,44,Left Cerebrum.Temporal Lobe.Superior Temporal Gyrus.Gray Matter.Brodmann area 41,WAIS,,,,,
673,20,47,42,Right Cerebrum.Temporal Lobe.Superior Temporal Gyrus.Gray Matter.Brodmann area 41,WAIS,,,,,
674,80,49,40,Left Cerebrum.Temporal Lobe.Superior Temporal Gyrus.Gray Matter.Brodmann area 42,WAIS,,,,,
675,8,50,38,Right Cerebrum.Temporal Lobe.Superior Temporal Gyrus.Gray Matter.Brodmann area 42,WAIS,,,,,
676,41,50,39,Right Cerebrum.Sub-lobar.Extra-Nuclear.White Matter.Pulvinar,,,,,,
677,56,53,39,Left Cerebrum.Sub-lobar.Extra-Nuclear.White Matter.Ventral Posterior Lateral Nucleus,,,,,,
678,78,64,38,Left Cerebrum.Temporal Lobe.Precentral Gyrus.*.*,WAIS,,,,,
679,76,70,38,Left Cerebrum.Frontal Lobe.Precentral Gyrus.*.*,,,,,,
680,11,70,38,Right Cerebrum.Frontal Lobe.Precentral Gyrus.*.*,,,,,,
681,16,60,38,Right Cerebrum.Temporal Lobe.Precentral Gyrus.*.*,WAIS,,,,,
682,70,64,62,Left Cerebrum.Frontal Lobe.Precentral Gyrus.Gray Matter.Brodmann area 6,,,,,,
683,12,66,41,Right Cerebrum.Frontal Lobe.Precentral Gyrus.Gray Matter.Brodmann area 6,,,,,,
684,41,60,38,Right Cerebrum.Sub-lobar.Thalamus.Gray Matter.Anterior Nucleus,,,,,,
685,66,59,57,Left Cerebrum.Frontal Lobe.Precentral Gyrus.White Matter.*,,,,,,
686,47,61,38,Left Cerebrum.Sub-lobar.Thalamus.Gray Matter.Anterior Nucleus,,,,,,
687,29,55,64,Right Cerebrum.Frontal Lobe.Precentral Gyrus.White Matter.*,,,,,,
688,44,62,38,Inter-Hemispheric.*.*.White Matter.*,,,,,,
689,13,69,38,Right Cerebrum.Frontal Lobe.Precentral Gyrus.Gray Matter.Brodmann area 44,TRAILA,TRAILB,,,,
690,72,71,38,Left Cerebrum.Frontal Lobe.Precentral Gyrus.Gray Matter.Brodmann area 44,TRAILA,TRAILB,,,,
691,0,0,0,Right Cerebrum.Sub-lobar.Insula.Gray Matter.Brodmann area 44,TRAILA,TRAILB,,,,
692,49,69,39,Left Cerebrum.Sub-lobar.Caudate.Gray Matter.Caudate Body,,,,,,
693,39,70,39,Right Cerebrum.Sub-lobar.Caudate.Gray Matter.Caudate Body,,,,,,
694,45,80,37,Left Cerebrum.Limbic Lobe.Anterior Cingulate.White Matter.Corpus Callosum,,,,,,
695,42,80,37,Right Cerebrum.Limbic Lobe.Anterior Cingulate.White Matter.Corpus Callosum,,,,,,
696,23,86,36,Right Cerebrum.Frontal Lobe.Sub-Gyral.Gray Matter.Brodmann area 46,TRAILA,TRAILB,,,,
697,71,90,37,Left Cerebrum.Frontal Lobe.Middle Frontal Gyrus.Gray Matter.Brodmann area 46,TRAILA,TRAILB,,,,
698,0,0,0,Left Cerebrum.*.Middle Occipital Gyrus.*.*,,,,,,
699,70,22,43,Left Cerebrum.Occipital Lobe.Middle Temporal Gyrus.Gray Matter.Brodmann area 19,,,,,,
700,13,30,45,Right Cerebrum.Occipital Lobe.Middle Temporal Gyrus.Gray Matter.Brodmann area 19,,,,,,
701,16,29,45,Right Cerebrum.Occipital Lobe.Middle Temporal Gyrus.White Matter.*,,,,,,
702,71,24,43,Left Cerebrum.Occipital Lobe.Middle Temporal Gyrus.Gray Matter.Brodmann area 39,,,,,,
703,72,30,48,Left Cerebrum.Temporal Lobe.Middle Temporal Gyrus.Gray Matter.Brodmann area 39,WAIS,,,,,
704,17,27,43,Right Cerebrum.Temporal Lobe.Middle Temporal Gyrus.Gray Matter.Brodmann area 39,WAIS,,,,,
705,17,25,42,Right Cerebrum.Occipital Lobe.Middle Temporal Gyrus.Gray Matter.Brodmann area 39,,,,,,
706,46,25,43,Left Cerebrum.Occipital Lobe.Cuneus.Gray Matter.Brodmann area 23,,,,,,
707,36,26,42,Right Cerebrum.Occipital Lobe.Cuneus.Gray Matter.Brodmann area 23,,,,,,
708,68,35,42,Left Cerebrum.Temporal Lobe.Superior Temporal Gyrus.Gray Matter.Brodmann area 39,WAIS,,,,,
709,16,35,42,Right Cerebrum.Temporal Lobe.Superior Temporal Gyrus.Gray Matter.Brodmann area 39,WAIS,,,,,
710,45,38,42,Inter-Hemispheric.Limbic Lobe.Posterior Cingulate.*.*,,,,,,
711,0,0,0,Left Cerebrum.Limbic Lobe.Extra-Nuclear.White Matter.Corpus Callosum,,,,,,
712,0,0,0,Right Cerebrum.Limbic Lobe.Extra-Nuclear.White Matter.Corpus Callosum,,,,,,
713,46,41,43,Left Cerebrum.Limbic Lobe.Sub-Gyral.White Matter.Corpus Callosum,,,,,,
714,45,41,43,Inter-Hemispheric.Limbic Lobe.Extra-Nuclear.White Matter.Corpus Callosum,,,,,,
715,39,41,42,Right Cerebrum.Limbic Lobe.Sub-Gyral.White Matter.Corpus Callosum,,,,,,
716,81,43,42,*.*.Superior Temporal Gyrus.*.*,,,,,,
717,63,44,41,Left Cerebrum.Temporal Lobe.Transverse Temporal Gyrus.White Matter.*,WAIS,,,,,
718,16,54,40,Right Cerebrum.Temporal Lobe.Transverse Temporal Gyrus.White Matter.*,WAIS,,,,,
719,14,54,40,Right Cerebrum.Temporal Lobe.Transverse Temporal Gyrus.Gray Matter.Brodmann area 41,WAIS,,,,,
720,63,45,41,Left Cerebrum.Temporal Lobe.Transverse Temporal Gyrus.Gray Matter.Brodmann area 41,WAIS,,,,,
721,67,50,43,Left Cerebrum.Sub-lobar.Insula.Gray Matter.Brodmann area 41,,,,,,
722,20,51,43,Right Cerebrum.Sub-lobar.Insula.Gray Matter.Brodmann area 41,,,,,,
723,62,50,41,Left Cerebrum.Sub-lobar.Transverse Temporal Gyrus.Gray Matter.Brodmann area 41,,,,,,
724,0,0,0,Left Cerebrum.Sub-lobar.Transverse Temporal Gyrus.White Matter.*,,,,,,
725,53,53,42,Left Cerebrum.Sub-lobar.Thalamus.Gray Matter.Lateral Posterior Nucleus,,,,,,
726,34,53,41,Right Cerebrum.Sub-lobar.Thalamus.Gray Matter.Lateral Posterior Nucleus,,,,,,
727,14,56,41,Right Cerebrum.Temporal Lobe.Transverse Temporal Gyrus.Gray Matter.Brodmann area 42,WAIS,,,,,
728,79,59,40,Left Cerebrum.Temporal Lobe.Transverse Temporal Gyrus.*.*,WAIS,,,,,
729,76,59,40,Left Cerebrum.Temporal Lobe.Transverse Temporal Gyrus.Gray Matter.Brodmann area 42,WAIS,,,,,
730,9,54,40,Right Cerebrum.Temporal Lobe.Transverse Temporal Gyrus.*.*,WAIS,,,,,
731,19,55,40,Right Cerebrum.Temporal Lobe.Precentral Gyrus.White Matter.*,WAIS,,,,,
732,71,56,42,Left Cerebrum.Frontal Lobe.Transverse Temporal Gyrus.White Matter.*,,,,,,
733,70,58,40,Left Cerebrum.Frontal Lobe.Precentral Gyrus.Gray Matter.Brodmann area 13,TRAILA,TRAILB,,,,
734,69,56,41,Left Cerebrum.Sub-lobar.Precentral Gyrus.Gray Matter.Brodmann area 13,TRAILB,TRAILA,,,,
735,19,57,40,Right Cerebrum.Frontal Lobe.Precentral Gyrus.Gray Matter.Brodmann area 13,TRAILB,TRAILA,,,,
736,80,57,42,Left Cerebrum.*.Transverse Temporal Gyrus.*.*,,,,,,
737,74,58,41,Left Cerebrum.Temporal Lobe.Precentral Gyrus.White Matter.*,WAIS,,,,,
738,0,0,0,Left Cerebrum.Temporal Lobe.Precentral Gyrus.Gray Matter.Brodmann area 43,WAIS,,,,,
739,75,60,41,Left Cerebrum.Frontal Lobe.Precentral Gyrus.Gray Matter.Brodmann area 43,,,,,,
740,16,58,40,Right Cerebrum.Frontal Lobe.Precentral Gyrus.Gray Matter.Brodmann area 43,,,,,,
741,14,59,40,Right Cerebrum.Temporal Lobe.Precentral Gyrus.Gray Matter.Brodmann area 42,WAIS,,,,,
742,0,0,0,Left Cerebrum.Temporal Lobe.Precentral Gyrus.Gray Matter.Brodmann area 42,WAIS,,,,,
743,79,62,40,Left Cerebrum.*.Precentral Gyrus.*.*,,,,,,
744,45,71,39,Inter-Hemispheric.Sub-lobar.Lateral Ventricle.Cerebro-Spinal Fluid.*,,,,,,
745,0,0,0,Right Cerebrum.*.Precentral Gyrus.*.*,,,,,,
746,69,69,40,Left Cerebrum.Frontal Lobe.Insula.White Matter.*,,,,,,
747,0,0,0,Right Cerebrum.Frontal Lobe.Insula.White Matter.*,,,,,,
748,75,72,42,Left Cerebrum.Frontal Lobe.Inferior Frontal Gyrus.Gray Matter.Brodmann area 44,TRAILA,TRAILB,,,,
749,16,72,40,Right Cerebrum.Frontal Lobe.Inferior Frontal Gyrus.Gray Matter.Brodmann area 44,TRAILA,TRAILB,,,,
750,0,0,0,Left Cerebrum.Limbic Lobe.Extra-Nuclear.*.*,,,,,,
751,0,0,0,Right Cerebrum.Limbic Lobe.Extra-Nuclear.*.*,,,,,,
752,45,86,38,Inter-Hemispheric.Limbic Lobe.Anterior Cingulate.*.*,,,,,,
753,70,91,38,Left Cerebrum.*.Middle Frontal Gyrus.*.*,,,,,,
754,0,0,0,Right Cerebrum.*.*.Gray Matter.Brodmann area 10,TRAILA,TRAILB,,,,
755,0,0,0,Inter-Hemispheric.Frontal Lobe.Medial Frontal Gyrus.Gray Matter.Brodmann area 10,TRAILB,TRAILB,,,,
756,45,30,44,Left Cerebrum.Limbic Lobe.Posterior Cingulate.Gray Matter.Brodmann area 31,,,,,,
757,31,30,44,Right Cerebrum.Limbic Lobe.Posterior Cingulate.Gray Matter.Brodmann area 31,,,,,,
758,56,29,45,Left Cerebrum.Limbic Lobe.Posterior Cingulate.Gray Matter.Brodmann area 18,,,,,,
759,0,0,0,Left Cerebrum.Limbic Lobe.Posterior Cingulate.Gray Matter.*,,,,,,
760,0,0,0,Right Cerebrum.Limbic Lobe.Posterior Cingulate.Gray Matter.Brodmann area 18,,,,,,
761,0,0,0,Right Cerebrum.Limbic Lobe.Posterior Cingulate.Gray Matter.*,,,,,,
762,46,35,45,Left Cerebrum.Limbic Lobe.Posterior Cingulate.Gray Matter.Brodmann area 23,,,,,,
763,42,35,45,Right Cerebrum.Limbic Lobe.Posterior Cingulate.Gray Matter.Brodmann area 23,,,,,,
764,65,34,44,Left Cerebrum.Occipital Lobe.Middle Temporal Gyrus.Gray Matter.Brodmann area 22,,,,,,
765,0,0,0,Left Cerebrum.*.Superior Temporal Gyrus.Gray Matter.Brodmann area 22,,,,,,
766,23,34,44,Right Cerebrum.Occipital Lobe.Middle Temporal Gyrus.Gray Matter.Brodmann area 22,,,,,,
767,0,0,0,Left Cerebrum.Occipital Lobe.Superior Temporal Gyrus.Gray Matter.Brodmann area 22,,,,,,
768,26,48,43,Right Cerebrum.Temporal Lobe.Sub-Gyral.Gray Matter.Brodmann area 41,WAIS,,,,,
769,23,49,43,Right Cerebrum.Temporal Lobe.Insula.White Matter.*,WAIS,,,,,
770,0,0,0,Left Cerebrum.Temporal Lobe.Insula.Gray Matter.Brodmann area 41,WAIS,,,,,
771,0,0,0,Right Cerebrum.Temporal Lobe.Insula.Gray Matter.Brodmann area 41,WAIS,,,,,
772,73,50,43,Left Cerebrum.Temporal Lobe.Postcentral Gyrus.*.*,WAIS,,,,,
773,71,50,43,Left Cerebrum.Parietal Lobe.Postcentral Gyrus.*.*,,,,,,
774,78,52,45,Left Cerebrum.Parietal Lobe.Postcentral Gyrus.Gray Matter.Brodmann area 40,,,,,,
775,70,50,43,Left Cerebrum.Parietal Lobe.Insula.White Matter.*,,,,,,
776,55,50,43,Left Cerebrum.Sub-lobar.Extra-Nuclear.White Matter.Pulvinar,,,,,,
777,19,57,42,Right Cerebrum.Parietal Lobe.Insula.White Matter.*,,,,,,
778,11,53,44,Right Cerebrum.Parietal Lobe.Postcentral Gyrus.Gray Matter.Brodmann area 40,,,,,,
779,11,49,45,Right Cerebrum.Temporal Lobe.Postcentral Gyrus.*.*,WAIS,,,,,
780,13,48,45,Right Cerebrum.Parietal Lobe.Superior Temporal Gyrus.*.*,,,,,,
781,18,52,43,Right Cerebrum.Sub-lobar.Insula.Gray Matter.Brodmann area 40,,,,,,
782,9,59,42,Right Cerebrum.Parietal Lobe.Postcentral Gyrus.*.*,,,,,,
783,79,51,43,Left Cerebrum.Parietal Lobe.Superior Temporal Gyrus.*.*,,,,,,
784,73,54,46,Left Cerebrum.Parietal Lobe.Postcentral Gyrus.White Matter.*,,,,,,
785,69,52,43,Left Cerebrum.Sub-lobar.Insula.Gray Matter.Brodmann area 40,,,,,,
786,14,55,46,Right Cerebrum.Parietal Lobe.Postcentral Gyrus.White Matter.*,,,,,,
787,50,53,43,Left Cerebrum.Sub-lobar.Thalamus.Gray Matter.Lateral Dorsal Nucleus,,,,,,
788,38,53,43,Right Cerebrum.Sub-lobar.Thalamus.Gray Matter.Lateral Dorsal Nucleus,,,,,,
789,0,0,0,Left Cerebrum.*.Postcentral Gyrus.*.*,,,,,,
790,48,54,43,Left Cerebrum.Sub-lobar.Thalamus.Gray Matter.Midline Nucleus,,,,,,
791,40,54,43,Right Cerebrum.Sub-lobar.Thalamus.Gray Matter.Midline Nucleus,,,,,,
792,79,55,45,Left Cerebrum.Parietal Lobe.Postcentral Gyrus.Gray Matter.Brodmann area 43,,,,,,
793,9,56,42,Right Cerebrum.Parietal Lobe.Postcentral Gyrus.Gray Matter.Brodmann area 43,,,,,,
794,71,56,43,Left Cerebrum.Parietal Lobe.Postcentral Gyrus.Gray Matter.*,,,,,,
795,16,57,42,Right Cerebrum.Parietal Lobe.Postcentral Gyrus.Gray Matter.*,,,,,,
796,59,39,55,Left Cerebrum.Parietal Lobe.Sub-Gyral.White Matter.*,,,,,,
797,0,0,0,Right Cerebrum.Parietal Lobe.Sub-Gyral.Gray Matter.Brodmann area 43,,,,,,
798,29,44,60,Right Cerebrum.Parietal Lobe.Sub-Gyral.White Matter.*,,,,,,
799,47,21,58,Left Cerebrum.Parietal Lobe.*.*.*,,,,,,
800,59,49,62,Left Cerebrum.Parietal Lobe.Precentral Gyrus.White Matter.*,,,,,,
801,69,56,47,Left Cerebrum.Parietal Lobe.Extra-Nuclear.White Matter.*,,,,,,
802,17,61,42,Right Cerebrum.Parietal Lobe.Precentral Gyrus.White Matter.*,,,,,,
803,78,61,45,Left Cerebrum.Parietal Lobe.Precentral Gyrus.*.*,,,,,,
804,72,61,43,Left Cerebrum.Parietal Lobe.Precentral Gyrus.Gray Matter.Brodmann area 4,,,,,,
805,12,62,42,Right Cerebrum.Frontal Lobe.Precentral Gyrus.Gray Matter.Brodmann area 4,,,,,,
806,31,51,62,Right Cerebrum.Parietal Lobe.Precentral Gyrus.Gray Matter.Brodmann area 4,,,,,,
807,10,62,42,Right Cerebrum.Parietal Lobe.Precentral Gyrus.*.*,,,,,,
808,71,61,60,Left Cerebrum.Frontal Lobe.Precentral Gyrus.Gray Matter.Brodmann area 4,,,,,,
809,72,65,42,Left Cerebrum.Frontal Lobe.Inferior Frontal Gyrus.Gray Matter.Brodmann area 6,,,,,,
810,16,66,42,Right Cerebrum.Frontal Lobe.Inferior Frontal Gyrus.Gray Matter.Brodmann area 6,,,,,,
811,77,71,42,Left Cerebrum.*.Inferior Frontal Gyrus.*.*,,,,,,
812,0,0,0,*.*.Middle Frontal Gyrus.*.*,,,,,,
813,53,83,45,Left Cerebrum.Limbic Lobe.Anterior Cingulate.Gray Matter.Brodmann area 9,TRAILA,TRAILB,,,,
814,47,87,42,Left Cerebrum.Frontal Lobe.Medial Frontal Gyrus.Gray Matter.Brodmann area 9,TRAILA,TRAILB,,,,
815,41,86,43,Right Cerebrum.Frontal Lobe.Medial Frontal Gyrus.Gray Matter.Brodmann area 9,TRAILA,TRAILB,,,,
816,35,83,45,Right Cerebrum.Limbic Lobe.Anterior Cingulate.Gray Matter.Brodmann area 9,TRAILA,TRAILB,,,,
817,63,96,40,Left Cerebrum.*.Superior Frontal Gyrus.*.*,,,,,,
818,65,21,47,Left Cerebrum.Temporal Lobe.Middle Temporal Gyrus.Gray Matter.Brodmann area 19,WAIS,,,,,
819,20,21,47,Right Cerebrum.Temporal Lobe.Middle Temporal Gyrus.Gray Matter.Brodmann area 19,WAIS,,,,,
820,64,21,47,Left Cerebrum.Temporal Lobe.Middle Occipital Gyrus.Gray Matter.Brodmann area 19,WAIS,,,,,
821,55,26,52,Left Cerebrum.Occipital Lobe.Precuneus.White Matter.*,,,,,,
822,33,26,52,Right Cerebrum.Occipital Lobe.Precuneus.White Matter.*,,,,,,
823,57,25,47,Left Cerebrum.Occipital Lobe.Precuneus.Gray Matter.Brodmann area 31,,,,,,
824,30,25,47,Right Cerebrum.Occipital Lobe.Precuneus.Gray Matter.Brodmann area 31,,,,,,
825,56,25,47,Left Cerebrum.Occipital Lobe.Precuneus.*.*,,,,,,
826,0,0,0,Left Cerebrum.Occipital Lobe.Precuneus.Gray Matter.Brodmann area 18,,,,,,
827,0,0,0,Right Cerebrum.Occipital Lobe.Precuneus.Gray Matter.Brodmann area 18,,,,,,
828,43,33,46,Right Cerebrum.Occipital Lobe.Precuneus.*.*,,,,,,
829,45,33,46,Left Cerebrum.Occipital Lobe.Precuneus.Gray Matter.Brodmann area 23,,,,,,
830,42,33,46,Right Cerebrum.Occipital Lobe.Precuneus.Gray Matter.Brodmann area 23,,,,,,
831,51,36,46,Left Cerebrum.Sub-lobar.Posterior Cingulate.White Matter.*,,,,,,
832,36,39,46,Right Cerebrum.Sub-lobar.Posterior Cingulate.White Matter.*,,,,,,
833,65,54,51,Left Cerebrum.Frontal Lobe.Postcentral Gyrus.White Matter.*,,,,,,
834,20,55,50,Right Cerebrum.Frontal Lobe.Postcentral Gyrus.White Matter.*,,,,,,
835,73,57,52,Left Cerebrum.Frontal Lobe.Postcentral Gyrus.Gray Matter.Brodmann area 4,,,,,,
836,14,61,44,Right Cerebrum.Frontal Lobe.Postcentral Gyrus.Gray Matter.Brodmann area 4,,,,,,
837,79,63,45,*.*.Precentral Gyrus.*.*,,,,,,
838,45,75,44,Left Cerebrum.Limbic Lobe.Anterior Cingulate.Gray Matter.Brodmann area 33,,,,,,
839,42,74,44,Right Cerebrum.Limbic Lobe.Anterior Cingulate.Gray Matter.Brodmann area 33,,,,,,
840,0,0,0,Inter-Hemispheric.*.Anterior Cingulate.*.*,,,,,,
841,0,0,0,Left Cerebrum.Frontal Lobe.Anterior Cingulate.Gray Matter.Brodmann area 9,TRAILA,TRAILB,,,,
842,58,15,50,*.*.Cuneus.*.*,,,,,,
843,46,19,53,Left Cerebrum.Occipital Lobe.Cuneus.Gray Matter.Brodmann area 19,,,,,,
844,40,16,51,Right Cerebrum.Occipital Lobe.Cuneus.Gray Matter.Brodmann area 19,,,,,,
845,68,23,54,*.*.Superior Occipital Gyrus.*.*,,,,,,
846,67,20,50,Left Cerebrum.Occipital Lobe.Superior Occipital Gyrus.*.*,,,,,,
847,28,17,50,Right Cerebrum.Occipital Lobe.Superior Occipital Gyrus.*.*,,,,,,
848,60,17,50,Left Cerebrum.Occipital Lobe.Superior Occipital Gyrus.Gray Matter.Brodmann area 19,,,,,,
849,23,22,55,Right Cerebrum.Occipital Lobe.Superior Occipital Gyrus.Gray Matter.Brodmann area 19,,,,,,
850,62,22,53,Left Cerebrum.Occipital Lobe.Superior Occipital Gyrus.White Matter.*,,,,,,
851,24,23,52,Right Cerebrum.Occipital Lobe.Superior Occipital Gyrus.White Matter.*,,,,,,
852,67,21,50,Left Cerebrum.Temporal Lobe.Superior Occipital Gyrus.*.*,WAIS,,,,,
853,21,25,51,Right Cerebrum.Temporal Lobe.Superior Occipital Gyrus.*.*,WAIS,,,,,
854,56,24,49,Left Cerebrum.Temporal Lobe.Cuneus.White Matter.*,WAIS,,,,,
855,0,0,0,Right Cerebrum.Temporal Lobe.Cuneus.White Matter.*,WAIS,,,,,
856,46,39,54,Left Cerebrum.Parietal Lobe.Precuneus.Gray Matter.Brodmann area 31,,,,,,
857,55,25,50,Left Cerebrum.Parietal Lobe.Precuneus.Gray Matter.Brodmann area 18,,,,,,
858,0,0,0,Right Cerebrum.Parietal Lobe.Precuneus.Gray Matter.Brodmann area 18,,,,,,
859,32,25,49,Right Cerebrum.Parietal Lobe.Precuneus.Gray Matter.Brodmann area 31,,,,,,
860,53,36,57,Left Cerebrum.Parietal Lobe.Precuneus.White Matter.*,,,,,,
861,45,26,49,Left Cerebrum.Parietal Lobe.Precuneus.*.*,,,,,,
862,39,26,49,Right Cerebrum.Parietal Lobe.Precuneus.*.*,,,,,,
863,34,27,49,Right Cerebrum.Temporal Lobe.Precuneus.Gray Matter.Brodmann area 31,WAIS,,,,,
864,34,35,56,Right Cerebrum.Parietal Lobe.Precuneus.White Matter.*,,,,,,
865,0,0,0,*.Frontal Lobe.Middle Temporal Gyrus.Gray Matter.Brodmann area 39,,,,,,
866,36,30,49,Right Cerebrum.Temporal Lobe.Precuneus.White Matter.*,WAIS,,,,,
867,0,0,0,Left Cerebrum.Temporal Lobe.Precuneus.White Matter.*,WAIS,,,,,
868,77,36,49,Left Cerebrum.Temporal Lobe.Supramarginal Gyrus.*.*,WAIS,,,,,
869,71,39,48,Left Cerebrum.Temporal Lobe.Supramarginal Gyrus.Gray Matter.Brodmann area 40,WAIS,,,,,
870,70,37,50,Left Cerebrum.Temporal Lobe.Supramarginal Gyrus.White Matter.*,WAIS,,,,,
871,15,36,48,Right Cerebrum.Temporal Lobe.Supramarginal Gyrus.White Matter.*,WAIS,,,,,
872,13,36,48,Right Cerebrum.Temporal Lobe.Supramarginal Gyrus.Gray Matter.Brodmann area 40,WAIS,,,,,
873,10,36,48,Right Cerebrum.Temporal Lobe.Supramarginal Gyrus.*.*,WAIS,,,,,
874,67,39,48,Left Cerebrum.Temporal Lobe.Inferior Parietal Lobule.White Matter.*,WAIS,,,,,
875,25,50,47,Right Cerebrum.Parietal Lobe.Extra-Nuclear.White Matter.*,,,,,,
876,19,39,48,Right Cerebrum.Temporal Lobe.Inferior Parietal Lobule.White Matter.*,WAIS,,,,,
877,70,39,48,Left Cerebrum.Temporal Lobe.Inferior Parietal Lobule.Gray Matter.Brodmann area 40,WAIS,,,,,
878,65,40,58,Left Cerebrum.Parietal Lobe.Inferior Parietal Lobule.Gray Matter.Brodmann area 40,,,,,,
879,69,43,50,Left Cerebrum.Parietal Lobe.Inferior Parietal Lobule.White Matter.*,,,,,,
880,19,47,50,Right Cerebrum.Parietal Lobe.Inferior Parietal Lobule.White Matter.*,,,,,,
881,15,48,60,Right Cerebrum.Parietal Lobe.Inferior Parietal Lobule.Gray Matter.Brodmann area 40,,,,,,
882,77,36,52,Left Cerebrum.Parietal Lobe.Supramarginal Gyrus.*.*,,,,,,
883,15,41,49,Right Cerebrum.Parietal Lobe.Supramarginal Gyrus.*.*,,,,,,
884,78,41,48,Left Cerebrum.Temporal Lobe.Inferior Parietal Lobule.*.*,WAIS,,,,,
885,0,0,0,Right Cerebrum.Temporal Lobe.Inferior Parietal Lobule.Gray Matter.Brodmann area 40,WAIS,,,,,
886,0,0,0,Right Cerebrum.Temporal Lobe.Inferior Parietal Lobule.*.*,WAIS,,,,,
887,78,46,48,Left Cerebrum.Parietal Lobe.Inferior Parietal Lobule.*.*,,,,,,
888,0,0,0,Inter-Hemispheric.Limbic Lobe.*.*.*,,,,,,
889,9,42,48,Right Cerebrum.Parietal Lobe.Inferior Parietal Lobule.*.*,,,,,,
890,0,0,0,Left Cerebrum.Limbic Lobe.*.White Matter.*,,,,,,
891,69,52,60,Left Cerebrum.Parietal Lobe.Postcentral Gyrus.Gray Matter.Brodmann area 2,,,,,,
892,18,53,60,Right Cerebrum.Parietal Lobe.Postcentral Gyrus.Gray Matter.Brodmann area 2,,,,,,
893,78,55,47,Left Cerebrum.Parietal Lobe.Postcentral Gyrus.Gray Matter.Brodmann area 1,,,,,,
894,9,55,47,Right Cerebrum.Parietal Lobe.Postcentral Gyrus.Gray Matter.Brodmann area 1,,,,,,
895,61,53,60,Left Cerebrum.Parietal Lobe.Postcentral Gyrus.Gray Matter.Brodmann area 3,,,,,,
896,15,59,59,Right Cerebrum.Parietal Lobe.Postcentral Gyrus.Gray Matter.Brodmann area 3,,,,,,
897,74,59,48,Left Cerebrum.Frontal Lobe.Postcentral Gyrus.Gray Matter.Brodmann area 3,,,,,,
898,14,59,47,Right Cerebrum.Frontal Lobe.Postcentral Gyrus.Gray Matter.Brodmann area 3,,,,,,
899,75,70,51,Left Cerebrum.Frontal Lobe.Inferior Frontal Gyrus.Gray Matter.Brodmann area 9,TRAILA,TRAILB,,,,
900,13,70,51,Right Cerebrum.Frontal Lobe.Inferior Frontal Gyrus.Gray Matter.Brodmann area 9,TRAILA,TRAILB,,,,
901,21,73,52,Right Cerebrum.Frontal Lobe.Precentral Gyrus.Gray Matter.Brodmann area 9,TRAILA,TRAILB,,,,
902,54,94,48,Left Cerebrum.Frontal Lobe.Superior Frontal Gyrus.Gray Matter.Brodmann area 9,TRAILA,TRAILB,DIGIF,DIGIFLEN,DIGIB,DIGIBLEN
903,34,94,48,Right Cerebrum.Frontal Lobe.Superior Frontal Gyrus.Gray Matter.Brodmann area 9,TRAILA,TRAILB,DIGIF,DIGIFLEN,DIGIB,DIGIBLEN
904,44,81,60,Inter-Hemispheric.*.Superior Frontal Gyrus.*.*,,,,,,
905,37,26,51,Right Cerebrum.Occipital Lobe.Cuneus.Gray Matter.Brodmann area 31,,,,,,
906,67,25,52,Left Cerebrum.Temporal Lobe.Superior Occipital Gyrus.Gray Matter.Brodmann area 39,WAIS,,,,,
907,26,25,55,Right Cerebrum.Temporal Lobe.Superior Occipital Gyrus.Gray Matter.Brodmann area 39,WAIS,,,,,
908,63,26,52,Left Cerebrum.Occipital Lobe.Superior Occipital Gyrus.Gray Matter.Brodmann area 39,,,,,,
909,51,26,51,Left Cerebrum.Occipital Lobe.Cuneus.Gray Matter.Brodmann area 31,,,,,,
910,24,26,51,Right Cerebrum.Occipital Lobe.Superior Occipital Gyrus.Gray Matter.Brodmann area 39,,,,,,
911,49,35,51,Left Cerebrum.Limbic Lobe.Precuneus.*.*,,,,,,
912,46,54,57,Left Cerebrum.Limbic Lobe.Cingulate Gyrus.*.*,,,,,,
913,43,53,57,Right Cerebrum.Limbic Lobe.Cingulate Gyrus.*.*,,,,,,
914,41,33,51,Right Cerebrum.Limbic Lobe.Precuneus.*.*,,,,,,
915,46,42,53,Left Cerebrum.Limbic Lobe.Cingulate Gyrus.Gray Matter.Brodmann area 31,,,,,,
916,35,50,57,Right Cerebrum.Limbic Lobe.Cingulate Gyrus.Gray Matter.Brodmann area 31,,,,,,
917,0,0,0,Left Cerebrum.Temporal Lobe.Sub-Gyral.Gray Matter.Brodmann area 39,WAIS,,,,,
918,27,34,51,Right Cerebrum.Temporal Lobe.Sub-Gyral.Gray Matter.Brodmann area 39,WAIS,,,,,
919,52,35,51,Left Cerebrum.Limbic Lobe.Precuneus.White Matter.*,,,,,,
920,50,42,55,Left Cerebrum.Limbic Lobe.Precuneus.Gray Matter.Brodmann area 31,,,,,,
921,50,48,53,Left Cerebrum.Limbic Lobe.Cingulate Gyrus.White Matter.*,,,,,,
922,38,48,53,Right Cerebrum.Limbic Lobe.Cingulate Gyrus.White Matter.*,,,,,,
923,36,35,51,Right Cerebrum.Limbic Lobe.Precuneus.Gray Matter.Brodmann area 31,,,,,,
924,36,42,55,Right Cerebrum.Limbic Lobe.Precuneus.White Matter.*,,,,,,
925,77,35,51,Left Cerebrum.Occipital Lobe.Superior Temporal Gyrus.*.*,,,,,,
926,0,0,0,Right Cerebrum.Occipital Lobe.Superior Temporal Gyrus.*.*,,,,,,
927,74,36,53,Left Cerebrum.Parietal Lobe.Supramarginal Gyrus.Gray Matter.Brodmann area 40,,,,,,
928,12,38,54,Right Cerebrum.Parietal Lobe.Supramarginal Gyrus.Gray Matter.Brodmann area 40,,,,,,
929,69,39,54,Left Cerebrum.Parietal Lobe.Supramarginal Gyrus.White Matter.*,,,,,,
930,18,42,54,Right Cerebrum.Parietal Lobe.Supramarginal Gyrus.White Matter.*,,,,,,
931,78,39,51,*.*.Supramarginal Gyrus.*.*,,,,,,
932,0,0,0,Right Cerebrum.Limbic Lobe.Sub-Gyral.Gray Matter.Brodmann area 31,,,,,,
933,78,44,55,*.*.Inferior Parietal Lobule.*.*,,,,,,
934,45,54,49,Left Cerebrum.Limbic Lobe.Cingulate Gyrus.Gray Matter.Brodmann area 23,,,,,,
935,42,50,51,Right Cerebrum.Limbic Lobe.Cingulate Gyrus.Gray Matter.Brodmann area 23,,,,,,
936,63,48,50,Left Cerebrum.Frontal Lobe.Inferior Parietal Lobule.White Matter.*,,,,,,
937,22,52,49,Right Cerebrum.Frontal Lobe.Inferior Parietal Lobule.White Matter.*,,,,,,
938,74,57,50,Left Cerebrum.Parietal Lobe.Precentral Gyrus.Gray Matter.Brodmann area 3,,,,,,
939,74,57,49,Left Cerebrum.Frontal Lobe.Precentral Gyrus.Gray Matter.Brodmann area 3,,,,,,
940,14,57,49,Right Cerebrum.Frontal Lobe.Precentral Gyrus.Gray Matter.Brodmann area 3,,,,,,
941,46,70,51,Left Cerebrum.Limbic Lobe.Cingulate Gyrus.Gray Matter.Brodmann area 24,TRAILA,TRAILB,,,,
942,42,60,51,Right Cerebrum.Limbic Lobe.Cingulate Gyrus.Gray Matter.Brodmann area 24,TRAILB,TRAILA,,,,
943,72,79,51,Left Cerebrum.Frontal Lobe.Middle Frontal Gyrus.Gray Matter.Brodmann area 9,TRAILA,TRAILB,,,,
944,14,75,50,Right Cerebrum.Frontal Lobe.Middle Frontal Gyrus.Gray Matter.Brodmann area 9,TRAILA,TRAILB,,,,
945,46,77,50,Left Cerebrum.Limbic Lobe.Cingulate Gyrus.Gray Matter.Brodmann area 32,TRAILA,TRAILB,,,,
946,41,69,56,Right Cerebrum.Limbic Lobe.Cingulate Gyrus.Gray Matter.Brodmann area 32,TRAILA,TRAILB,,,,
947,0,0,0,Left Cerebrum.Limbic Lobe.Medial Frontal Gyrus.Gray Matter.Brodmann area 32,TRAILA,TRAILB,,,,
948,36,81,49,Right Cerebrum.Limbic Lobe.Medial Frontal Gyrus.Gray Matter.Brodmann area 32,TRAILA,TRAILB,,,,
949,50,82,48,Left Cerebrum.Limbic Lobe.Medial Frontal Gyrus.*.*,,,,,,
950,40,83,47,Right Cerebrum.Limbic Lobe.Medial Frontal Gyrus.*.*,,,,,,
951,43,29,53,Right Cerebrum.*.Cuneus.*.*,,,,,,
952,46,30,54,Left Cerebrum.Occipital Lobe.Cuneus.Gray Matter.Brodmann area 7,,,,,,
953,37,28,53,Right Cerebrum.Occipital Lobe.Cuneus.Gray Matter.Brodmann area 7,,,,,,
954,68,24,54,*.*.Angular Gyrus.*.*,,,,,,
955,67,24,54,Left Cerebrum.Occipital Lobe.Angular Gyrus.*.*,,,,,,
956,20,24,54,Right Cerebrum.Occipital Lobe.Angular Gyrus.*.*,,,,,,
957,68,25,54,Left Cerebrum.Temporal Lobe.Angular Gyrus.*.*,WAIS,,,,,
958,62,25,54,Left Cerebrum.Temporal Lobe.Angular Gyrus.Gray Matter.Brodmann area 39,WAIS,,,,,
959,20,26,53,Right Cerebrum.Temporal Lobe.Angular Gyrus.Gray Matter.Brodmann area 39,WAIS,,,,,
960,18,26,53,Right Cerebrum.Temporal Lobe.Angular Gyrus.*.*,WAIS,,,,,
961,62,26,54,Left Cerebrum.Temporal Lobe.Angular Gyrus.White Matter.*,WAIS,,,,,
962,21,27,53,Right Cerebrum.Temporal Lobe.Angular Gyrus.White Matter.*,WAIS,,,,,
963,57,26,54,Left Cerebrum.Parietal Lobe.Cuneus.White Matter.*,,,,,,
964,31,27,53,Right Cerebrum.Parietal Lobe.Cuneus.White Matter.*,,,,,,
965,68,33,55,Left Cerebrum.Parietal Lobe.Angular Gyrus.White Matter.*,,,,,,
966,19,32,55,Right Cerebrum.Parietal Lobe.Angular Gyrus.White Matter.*,,,,,,
967,71,30,55,Left Cerebrum.Parietal Lobe.Angular Gyrus.Gray Matter.Brodmann area 39,,,,,,
968,56,27,59,Left Cerebrum.Parietal Lobe.Precuneus.Gray Matter.Brodmann area 7,,,,,,
969,36,29,53,Right Cerebrum.Occipital Lobe.Precuneus.Gray Matter.Brodmann area 7,,,,,,
970,16,30,55,Right Cerebrum.Parietal Lobe.Angular Gyrus.Gray Matter.Brodmann area 39,,,,,,
971,51,29,53,Left Cerebrum.Occipital Lobe.Precuneus.Gray Matter.Brodmann area 7,,,,,,
972,32,27,59,Right Cerebrum.Parietal Lobe.Precuneus.Gray Matter.Brodmann area 7,,,,,,
973,0,0,0,*.Parietal Lobe.*.*.*,,,,,,
974,74,31,53,Left Cerebrum.Parietal Lobe.Supramarginal Gyrus.Gray Matter.Brodmann area 39,,,,,,
975,13,31,53,Right Cerebrum.Parietal Lobe.Supramarginal Gyrus.Gray Matter.Brodmann area 39,,,,,,
976,43,32,53,Right Cerebrum.*.Precuneus.*.*,,,,,,
977,13,58,58,Right Cerebrum.Parietal Lobe.*.*.*,,,,,,
978,64,50,57,Left Cerebrum.Parietal Lobe.Inferior Parietal Lobule.Gray Matter.Brodmann area 2,,,,,,
979,75,57,52,Left Cerebrum.Frontal Lobe.Postcentral Gyrus.*.*,,,,,,
980,18,59,58,Right Cerebrum.Frontal Lobe.Postcentral Gyrus.*.*,,,,,,
981,50,78,50,Left Cerebrum.Limbic Lobe.Cingulate Gyrus.Gray Matter.Brodmann area 9,TRAILA,TRAILB,,,,
982,40,79,50,Right Cerebrum.Limbic Lobe.Cingulate Gyrus.Gray Matter.Brodmann area 9,TRAILA,TRAILB,,,,
983,0,0,0,Left Cerebrum.Frontal Lobe.Sub-Gyral.Gray Matter.Brodmann area 9,TRAILA,TRAILB,,,,
984,30,81,50,Right Cerebrum.Frontal Lobe.Sub-Gyral.Gray Matter.Brodmann area 9,TRAILA,TRAILB,,,,
985,0,0,0,Left Cerebrum.Parietal Lobe.Cuneus.*.*,,,,,,
986,60,24,59,Left Cerebrum.Parietal Lobe.Precuneus.Gray Matter.Brodmann area 19,,,,,,
987,27,23,57,Right Cerebrum.Parietal Lobe.Precuneus.Gray Matter.Brodmann area 19,,,,,,
988,44,25,56,Inter-Hemispheric.*.Precuneus.*.*,,,,,,
989,22,30,55,Right Cerebrum.Parietal Lobe.Precuneus.Gray Matter.Brodmann area 39,,,,,,
990,67,27,56,Left Cerebrum.Parietal Lobe.Precuneus.Gray Matter.Brodmann area 39,,,,,,
991,27,33,57,Right Cerebrum.Parietal Lobe.Sub-Gyral.Gray Matter.Brodmann area 39,,,,,,
992,0,0,0,Left Cerebrum.Parietal Lobe.Angular Gyrus.Gray Matter.Brodmann area 40,,,,,,
993,14,35,55,Right Cerebrum.Parietal Lobe.Angular Gyrus.Gray Matter.Brodmann area 40,,,,,,
994,0,0,0,Left Cerebrum.Limbic Lobe.Sub-Gyral.Gray Matter.Brodmann area 31,,,,,,
995,0,0,0,Left Cerebrum.Parietal Lobe.Cingulate Gyrus.Gray Matter.Brodmann area 31,,,,,,
996,47,41,55,Left Cerebrum.Parietal Lobe.Cingulate Gyrus.*.*,,,,,,
997,40,41,55,Right Cerebrum.Parietal Lobe.Cingulate Gyrus.*.*,,,,,,
998,39,41,55,Right Cerebrum.Parietal Lobe.Cingulate Gyrus.Gray Matter.Brodmann area 31,,,,,,
999,57,44,66,Left Cerebrum.Parietal Lobe.Sub-Gyral.Gray Matter.Brodmann area 40,,,,,,
1000,31,44,66,Right Cerebrum.Parietal Lobe.Sub-Gyral.Gray Matter.Brodmann area 40,,,,,,
1001,47,76,52,Left Cerebrum.Frontal Lobe.Cingulate Gyrus.White Matter.*,,,,,,
1002,36,75,53,Right Cerebrum.Frontal Lobe.Cingulate Gyrus.White Matter.*,,,,,,
1003,47,45,71,Left Cerebrum.Parietal Lobe.Postcentral Gyrus.Gray Matter.Brodmann area 4,,,,,,
1004,63,77,52,Left Cerebrum.Frontal Lobe.Precentral Gyrus.Gray Matter.Brodmann area 9,TRAILA,TRAILB,,,,
1005,45,75,52,Left Cerebrum.Frontal Lobe.Cingulate Gyrus.*.*,,,,,,
1006,46,76,52,Left Cerebrum.Frontal Lobe.Cingulate Gyrus.Gray Matter.Brodmann area 32,TRAILA,TRAILB,,,,
1007,37,78,52,Right Cerebrum.Frontal Lobe.Cingulate Gyrus.*.*,,,,,,
1008,42,77,53,Right Cerebrum.Frontal Lobe.Cingulate Gyrus.Gray Matter.Brodmann area 32,TRAILA,TRAILB,,,,
1009,51,60,62,Left Cerebrum.Frontal Lobe.Medial Frontal Gyrus.Gray Matter.Brodmann area 6,,,,,,
1010,51,78,52,Left Cerebrum.Frontal Lobe.Cingulate Gyrus.Gray Matter.Brodmann area 6,,,,,,
1011,42,58,62,Right Cerebrum.Frontal Lobe.Medial Frontal Gyrus.Gray Matter.Brodmann area 6,,,,,,
1012,0,0,0,Right Cerebrum.Frontal Lobe.Cingulate Gyrus.Gray Matter.Brodmann area 6,,,,,,
1013,38,20,58,*.*.Precuneus.*.*,,,,,,
1014,65,30,58,Left Cerebrum.Parietal Lobe.Inferior Parietal Lobule.Gray Matter.Brodmann area 39,,,,,,
1015,17,32,57,Right Cerebrum.Parietal Lobe.Inferior Parietal Lobule.Gray Matter.Brodmann area 39,,,,,,
1016,52,42,57,Left Cerebrum.Frontal Lobe.Precuneus.Gray Matter.Brodmann area 31,,,,,,
1017,36,42,57,Right Cerebrum.Frontal Lobe.Sub-Gyral.Gray Matter.Brodmann area 31,,,,,,
1018,0,0,0,Left Cerebrum.Parietal Lobe.Sub-Gyral.Gray Matter.Brodmann area 2,,,,,,
1019,0,0,0,Right Cerebrum.Parietal Lobe.Precentral Gyrus.Gray Matter.Brodmann area 3,,,,,,
1020,55,57,56,Left Cerebrum.Limbic Lobe.Sub-Gyral.Gray Matter.Brodmann area 24,TRAILA,TRAILB,,,,
1021,33,57,56,Right Cerebrum.Limbic Lobe.Sub-Gyral.Gray Matter.Brodmann area 24,TRAILA,TRAILB,,,,
1022,55,63,65,Left Cerebrum.Frontal Lobe.Sub-Gyral.Gray Matter.Brodmann area 6,,,,,,
1023,58,66,59,Left Cerebrum.Frontal Lobe.Middle Frontal Gyrus.Gray Matter.Brodmann area 6,,,,,,
1024,17,69,58,Right Cerebrum.Frontal Lobe.Middle Frontal Gyrus.Gray Matter.Brodmann area 6,,,,,,
1025,70,71,56,Left Cerebrum.Frontal Lobe.Middle Frontal Gyrus.Gray Matter.Brodmann area 8,TRAILA,TRAILB,,,,
1026,30,76,58,Right Cerebrum.Frontal Lobe.Middle Frontal Gyrus.Gray Matter.Brodmann area 8,TRAILA,TRAILB,,,,
1027,52,79,54,Left Cerebrum.Frontal Lobe.Sub-Gyral.Gray Matter.Brodmann area 8,TRAILA,TRAILB,,,,
1028,34,78,54,Right Cerebrum.Frontal Lobe.Sub-Gyral.Gray Matter.Brodmann area 8,TRAILA,TRAILB,,,,
1029,50,77,55,Left Cerebrum.Limbic Lobe.Sub-Gyral.Gray Matter.Brodmann area 32,TRAILA,TRAILB,,,,
1030,0,0,0,Right Cerebrum.Limbic Lobe.Sub-Gyral.Gray Matter.Brodmann area 32,TRAILA,TRAILB,,,,
1031,0,0,0,Left Cerebrum.Frontal Lobe.Sub-Gyral.Gray Matter.Brodmann area 32,TRAILA,TRAILB,,,,
1032,0,0,0,Right Cerebrum.Frontal Lobe.Sub-Gyral.Gray Matter.Brodmann area 32,TRAILA,TRAILB,,,,
1033,46,80,55,Left Cerebrum.Frontal Lobe.Medial Frontal Gyrus.Gray Matter.Brodmann area 8,TRAILA,TRAILB,,,,
1034,42,80,55,Right Cerebrum.Frontal Lobe.Medial Frontal Gyrus.Gray Matter.Brodmann area 8,TRAILA,TRAILB,,,,
1035,57,81,61,Left Cerebrum.Frontal Lobe.Superior Frontal Gyrus.Gray Matter.Brodmann area 8,TRAILA,TRAILB,,,,
1036,30,87,55,Right Cerebrum.Frontal Lobe.Superior Frontal Gyrus.Gray Matter.Brodmann area 8,TRAILA,TRAILB,,,,
1037,58,25,61,Left Cerebrum.Parietal Lobe.Superior Parietal Lobule.*.*,DIGIF,DIGIFLEN,DIGIB,DIGIBLEN,,
1038,32,34,60,Right Cerebrum.Parietal Lobe.Superior Parietal Lobule.*.*,DIGIF,DIGIFLEN,DIGIB,DIGIBLEN,,
1039,55,38,69,Left Cerebrum.Parietal Lobe.Superior Parietal Lobule.Gray Matter.Brodmann area 7,DIGIF,DIGIFLEN,DIGIB,DIGIBLEN,,
1040,34,38,69,Right Cerebrum.Parietal Lobe.Superior Parietal Lobule.Gray Matter.Brodmann area 7,DIGIF,DIGIFLEN,DIGIB,DIGIBLEN,,
1041,61,33,64,Left Cerebrum.Parietal Lobe.Superior Parietal Lobule.White Matter.*,DIGIF,DIGIFLEN,DIGIB,DIGIBLEN,,
1042,28,31,61,Right Cerebrum.Parietal Lobe.Superior Parietal Lobule.White Matter.*,DIGIF,DIGIFLEN,DIGIB,DIGIBLEN,,
1043,63,33,60,Left Cerebrum.Parietal Lobe.Inferior Parietal Lobule.Gray Matter.Brodmann area 7,,,,,,
1044,22,31,61,Right Cerebrum.Parietal Lobe.Inferior Parietal Lobule.Gray Matter.Brodmann area 7,,,,,,
1045,45,49,59,Left Cerebrum.Frontal Lobe.Paracentral Lobule.Gray Matter.Brodmann area 31,,,,,,
1046,45,54,59,Left Cerebrum.Frontal Lobe.Paracentral Lobule.*.*,,,,,,
1047,44,49,59,Inter-Hemispheric.*.Paracentral Lobule.*.*,,,,,,
1048,43,49,59,Right Cerebrum.Frontal Lobe.Paracentral Lobule.*.*,,,,,,
1049,42,50,60,Right Cerebrum.Frontal Lobe.Paracentral Lobule.Gray Matter.Brodmann area 31,,,,,,
1050,40,49,61,Right Cerebrum.Parietal Lobe.Sub-Gyral.Gray Matter.Brodmann area 31,,,,,,
1051,49,49,63,Left Cerebrum.Frontal Lobe.Paracentral Lobule.White Matter.*,,,,,,
1052,39,49,63,Right Cerebrum.Frontal Lobe.Paracentral Lobule.White Matter.*,,,,,,
1053,0,0,0,Left Cerebrum.Limbic Lobe.Paracentral Lobule.Gray Matter.Brodmann area 31,,,,,,
1054,49,59,59,Left Cerebrum.Limbic Lobe.Paracentral Lobule.White Matter.*,,,,,,
1055,39,60,60,Right Cerebrum.Limbic Lobe.Paracentral Lobule.White Matter.*,,,,,,
1056,45,60,59,Left Cerebrum.Limbic Lobe.Paracentral Lobule.*.*,,,,,,
1057,41,60,58,Right Cerebrum.Limbic Lobe.Paracentral Lobule.*.*,,,,,,
1058,44,61,58,Inter-Hemispheric.*.Cingulate Gyrus.*.*,,,,,,
1059,44,68,58,Inter-Hemispheric.*.Medial Frontal Gyrus.*.*,,,,,,
1060,57,30,66,*.*.Superior Parietal Lobule.*.*,DIGIF,DIGIFLEN,DIGIB,DIGIBLEN,,
1061,64,37,63,Left Cerebrum.Parietal Lobe.Superior Parietal Lobule.Gray Matter.Brodmann area 40,DIGIF,DIGIFLEN,DIGIB,DIGIBLEN,,
1062,25,38,63,Right Cerebrum.Parietal Lobe.Superior Parietal Lobule.Gray Matter.Brodmann area 40,DIGIF,DIGIFLEN,DIGIB,DIGIBLEN,,
1063,53,44,62,Left Cerebrum.Parietal Lobe.Paracentral Lobule.White Matter.*,,,,,,
1064,0,0,0,Left Cerebrum.Parietal Lobe.Paracentral Lobule.Gray Matter.Brodmann area 5,,,,,,
1065,54,42,63,Left Cerebrum.Parietal Lobe.Paracentral Lobule.Gray Matter.Brodmann area 7,,,,,,
1066,34,42,62,Right Cerebrum.Parietal Lobe.Paracentral Lobule.Gray Matter.Brodmann area 7,,,,,,
1067,34,43,62,Right Cerebrum.Parietal Lobe.Paracentral Lobule.Gray Matter.Brodmann area 5,,,,,,
1068,46,45,63,Left Cerebrum.Frontal Lobe.Paracentral Lobule.Gray Matter.Brodmann area 5,,,,,,
1069,42,43,62,Right Cerebrum.Frontal Lobe.Precuneus.*.*,,,,,,
1070,35,45,63,Right Cerebrum.Frontal Lobe.Paracentral Lobule.Gray Matter.Brodmann area 5,,,,,,
1071,49,44,62,Left Cerebrum.Parietal Lobe.Paracentral Lobule.*.*,,,,,,
1072,0,0,0,Right Cerebrum.Parietal Lobe.Paracentral Lobule.*.*,,,,,,
1073,36,45,64,Right Cerebrum.Parietal Lobe.Paracentral Lobule.White Matter.*,,,,,,
1074,0,0,0,Right Cerebrum.Frontal Lobe.Precuneus.White Matter.*,,,,,,
1075,46,51,62,Left Cerebrum.Frontal Lobe.Paracentral Lobule.Gray Matter.Brodmann area 6,,,,,,
1076,42,51,62,Right Cerebrum.Frontal Lobe.Paracentral Lobule.Gray Matter.Brodmann area 6,,,,,,
1077,51,79,64,Left Cerebrum.Frontal Lobe.Superior Frontal Gyrus.Gray Matter.Brodmann area 6,,,,,,
1078,40,64,70,Right Cerebrum.Frontal Lobe.Superior Frontal Gyrus.Gray Matter.Brodmann area 6,,,,,,
1079,0,0,0,Right Cerebrum.*.Superior Parietal Lobule.*.*,DIGIF,DIGIFLEN,DIGIB,DIGIBLEN,,
1080,55,40,65,Left Cerebrum.Parietal Lobe.Sub-Gyral.Gray Matter.Brodmann area 7,,,,,,
1081,33,39,65,Right Cerebrum.Parietal Lobe.Sub-Gyral.Gray Matter.Brodmann area 7,,,,,,
1082,67,39,66,Right Cerebrum.Frontal Lobe.Inferior Parietal Lobule.Gray Matter.Brodmann area 40,,,,,,
1083,0,0,0,Left Cerebrum.Frontal Lobe.Precuneus.Gray Matter.Brodmann area 5,,,,,,
1084,0,0,0,Left Cerebrum.Frontal Lobe.Precuneus.White Matter.*,,,,,,
1085,0,0,0,Left Cerebrum.Frontal Lobe.Precuneus.*.*,,,,,,
1086,35,43,66,Right Cerebrum.Frontal Lobe.Precuneus.Gray Matter.Brodmann area 5,,,,,,
1087,38,43,65,Right Cerebrum.Frontal Lobe.Paracentral Lobule.Gray Matter.Brodmann area 7,,,,,,
1088,52,45,65,Left Cerebrum.Frontal Lobe.Paracentral Lobule.Gray Matter.Brodmann area 3,,,,,,
1089,46,46,68,Left Cerebrum.Frontal Lobe.Paracentral Lobule.Gray Matter.Brodmann area 4,,,,,,
1090,41,46,68,Right Cerebrum.Frontal Lobe.Paracentral Lobule.Gray Matter.Brodmann area 4,,,,,,
1091,36,46,65,Right Cerebrum.Frontal Lobe.Paracentral Lobule.Gray Matter.Brodmann area 3,,,,,,
1092,34,49,66,Right Cerebrum.Frontal Lobe.Sub-Gyral.Gray Matter.Brodmann area 3,,,,,,
1093,35,50,65,Right Cerebrum.Frontal Lobe.Sub-Gyral.Gray Matter.Brodmann area 4,,,,,,
1094,31,68,63,Right Cerebrum.Frontal Lobe.Sub-Gyral.Gray Matter.Brodmann area 6,,,,,,
1095,61,42,68,Left Cerebrum.Parietal Lobe.Postcentral Gyrus.Gray Matter.Brodmann area 5,,,,,,
1096,24,43,69,Right Cerebrum.Parietal Lobe.Postcentral Gyrus.Gray Matter.Brodmann area 5,,,,,,
1097,56,42,68,Left Cerebrum.Parietal Lobe.Superior Parietal Lobule.Gray Matter.Brodmann area 5,DIGIF,DIGIFLEN,DIGIB,DIGIBLEN,,
1098,31,43,68,Right Cerebrum.Parietal Lobe.Superior Parietal Lobule.Gray Matter.Brodmann area 5,DIGIF,DIGIFLEN,DIGIB,DIGIBLEN,,
1099,34,48,68,Right Cerebrum.Parietal Lobe.Postcentral Gyrus.Gray Matter.Brodmann area 4,,,,,,
1100,35,49,68,Right Cerebrum.Frontal Lobe.Medial Frontal Gyrus.Gray Matter.Brodmann area 4,,,,,,
1101,51,39,72,Left Cerebrum.Parietal Lobe.Postcentral Gyrus.Gray Matter.Brodmann area 7,,,,,,
1102,39,37,71,Right Cerebrum.Parietal Lobe.Postcentral Gyrus.Gray Matter.Brodmann area 7,,,,,,
1103,42,41,71,Inter-Hemispheric.*.Postcentral Gyrus.*.*,,,,,,
1104,48,45,71,Left Cerebrum.Parietal Lobe.Paracentral Lobule.Gray Matter.Brodmann area 4,,,,,,
1105,42,45,71,Right Cerebrum.Parietal Lobe.Paracentral Lobule.Gray Matter.Brodmann area 4,,,,,,