Node #,Voxel_X,Voxel_Y,Voxel_Z,Anatomical Region,Test
0,65,21,16,Left Cerebellum.Posterior Lobe.Inferior Semi-Lunar Lobule.Gray Matter.*,
1,23,20,15,Right Cerebellum.Posterior Lobe.Inferior Semi-Lunar Lobule.Gray Matter.*,
2,54,36,16,Left Cerebellum.Posterior Lobe.Cerebellar Tonsil.Gray Matter.*,
3,21,34,16,Right Cerebellum.Posterior Lobe.Cerebellar Tonsil.Gray Matter.*,
4,46,39,14,Left Brainstem.Medulla.*.*.*,
5,41,39,14,Right Brainstem.Medulla.*.*.*,
6,67,62,14,*.*.Inferior Temporal Gyrus.*.*,
7,68,56,18,Left Cerebrum.Temporal Lobe.Inferior Temporal Gyrus.Gray Matter.Brodmann area 20,Both
8,62,60,12,Left Cerebrum.Temporal Lobe.Inferior Temporal Gyrus.*.*,
9,63,64,11,Left Cerebrum.Temporal Lobe.*.*.*,
10,26,66,11,Right Cerebrum.Temporal Lobe.*.*.*,
11,27,60,12,Right Cerebrum.Temporal Lobe.Inferior Temporal Gyrus.*.*,
12,23,53,19,Right Cerebrum.Temporal Lobe.Inferior Temporal Gyrus.Gray Matter.Brodmann area 20,Both
13,74,52,25,Left Cerebrum.Temporal Lobe.Inferior Temporal Gyrus.White Matter.*,
14,60,61,12,Left Cerebrum.Limbic Lobe.Inferior Temporal Gyrus.Gray Matter.Brodmann area 20,Both
15,60,55,19,Left Cerebrum.Limbic Lobe.Uncus.Gray Matter.Brodmann area 20,Both
16,57,63,11,Left Cerebrum.Limbic Lobe.Uncus.*.*,
17,26,54,19,Right Cerebrum.Limbic Lobe.Uncus.Gray Matter.Brodmann area 20,Both
18,28,58,14,Right Cerebrum.Limbic Lobe.Inferior Temporal Gyrus.Gray Matter.Brodmann area 20,Both
19,14,52,24,Right Cerebrum.Temporal Lobe.Inferior Temporal Gyrus.White Matter.*,
20,57,62,12,Left Cerebrum.Limbic Lobe.*.*.*,
21,32,61,13,Right Cerebrum.Limbic Lobe.*.*.*,
22,73,41,29,Left Cerebrum.Temporal Lobe.Middle Temporal Gyrus.Gray Matter.Brodmann area 20,Both
23,74,45,33,Left Cerebrum.Temporal Lobe.Middle Temporal Gyrus.White Matter.*,
24,61,59,18,Left Cerebrum.Limbic Lobe.Uncus.White Matter.*,
25,31,62,11,Right Cerebrum.Limbic Lobe.*.Gray Matter.Brodmann area 20,Both
26,30,63,14,Right Cerebrum.Limbic Lobe.Uncus.White Matter.*,
27,16,36,38,Right Cerebrum.Temporal Lobe.Middle Temporal Gyrus.White Matter.*,
28,25,62,11,Right Cerebrum.Temporal Lobe.Middle Temporal Gyrus.Gray Matter.Brodmann area 20,Both
29,25,63,11,Right Cerebrum.Temporal Lobe.Middle Temporal Gyrus.*.*,
30,34,64,15,Right Cerebrum.Limbic Lobe.Uncus.*.*,
31,63,63,12,Left Cerebrum.Temporal Lobe.Middle Temporal Gyrus.*.*,
32,66,65,14,Left Cerebrum.Temporal Lobe.Middle Temporal Gyrus.Gray Matter.Brodmann area 38,NPI-Q
33,58,63,11,Left Cerebrum.Limbic Lobe.Uncus.Gray Matter.Brodmann area 38,NPI-Q
34,30,63,11,Right Cerebrum.Limbic Lobe.Uncus.Gray Matter.Brodmann area 38,NPI-Q
35,27,63,11,Right Cerebrum.Temporal Lobe.Middle Temporal Gyrus.Gray Matter.Brodmann area 38,NPI-Q
36,0,0,0,Left Cerebrum.Limbic Lobe.Middle Temporal Gyrus.White Matter.*,
37,57,69,14,Left Cerebrum.Temporal Lobe.Superior Temporal Gyrus.Gray Matter.Brodmann area 38,NPI-Q
38,74,44,43,Left Cerebrum.Temporal Lobe.Superior Temporal Gyrus.White Matter.*,
39,76,70,29,Left Cerebrum.Temporal Lobe.Superior Temporal Gyrus.*.*,
40,29,70,14,Right Cerebrum.Temporal Lobe.Superior Temporal Gyrus.Gray Matter.Brodmann area 38,NPI-Q
41,20,41,43,Right Cerebrum.Temporal Lobe.Superior Temporal Gyrus.White Matter.*,
42,13,71,27,Right Cerebrum.Temporal Lobe.Superior Temporal Gyrus.*.*,
43,31,66,11,Right Cerebrum.Temporal Lobe.*.Gray Matter.Brodmann area 38,NPI-Q
44,59,66,11,Left Cerebrum.Temporal Lobe.*.Gray Matter.Brodmann area 38,NPI-Q
45,0,0,0,Right Cerebrum.Frontal Lobe.Inferior Temporal Gyrus.Gray Matter.Brodmann area 20,Both
46,13,27,37,Right Cerebrum.*.Inferior Temporal Gyrus.*.*,
47,19,76,24,Right Cerebrum.*.*.*.*,
48,61,60,14,Left Cerebrum.Limbic Lobe.Inferior Temporal Gyrus.White Matter.*,
49,28,60,13,Right Cerebrum.Limbic Lobe.Inferior Temporal Gyrus.White Matter.*,
50,67,44,33,Left Cerebrum.Temporal Lobe.Sub-Gyral.White Matter.*,
51,22,43,34,Right Cerebrum.Temporal Lobe.Sub-Gyral.White Matter.*,
52,0,0,0,Left Cerebrum.Limbic Lobe.*.Gray Matter.Brodmann area 20,Both
53,68,64,13,*.*.Middle Temporal Gyrus.*.*,
54,25,58,18,Right Cerebrum.Limbic Lobe.Sub-Gyral.White Matter.*,
55,62,64,22,Left Cerebrum.Limbic Lobe.Superior Temporal Gyrus.White Matter.*,
56,32,66,13,Right Cerebrum.Limbic Lobe.Superior Temporal Gyrus.White Matter.*,
57,34,66,13,Right Cerebrum.*.Uncus.*.*,
58,56,66,13,Left Cerebrum.Limbic Lobe.Superior Temporal Gyrus.Gray Matter.Brodmann area 38,NPI-Q
59,33,67,13,Right Cerebrum.Limbic Lobe.Superior Temporal Gyrus.Gray Matter.Brodmann area 38,NPI-Q
60,55,22,20,Left Cerebellum.Posterior Lobe.Pyramis.Gray Matter.*,
61,33,22,20,Right Cerebellum.Posterior Lobe.Pyramis.Gray Matter.*,
62,47,27,20,Left Cerebellum.Posterior Lobe.Uvula.Gray Matter.*,
63,39,22,19,Right Cerebellum.Posterior Lobe.Uvula.Gray Matter.*,
64,43,21,27,Right Cerebellum.*.*.Gray Matter.*,
65,45,23,18,Left Cerebellum.*.*.Gray Matter.*,
66,45,24,18,Left Cerebellum.Posterior Lobe.Uvula of Vermis.Gray Matter.*,
67,44,24,18,Right Cerebellum.Posterior Lobe.Uvula of Vermis.Gray Matter.*,
68,44,35,17,Right Cerebellum.Sub-lobar.Fourth Ventricle.Cerebro-Spinal Fluid.*,
69,45,36,17,Left Cerebellum.Sub-lobar.Fourth Ventricle.Cerebro-Spinal Fluid.*,
70,48,46,20,Left Brainstem.Pons.*.*.*,
71,41,47,20,Right Brainstem.Pons.*.*.*,
72,32,55,18,*.Limbic Lobe.Uncus.*.*,
73,67,81,24,Left Cerebrum.*.*.*.*,
74,58,58,16,Left Cerebrum.Limbic Lobe.Uncus.Gray Matter.Brodmann area 36,
75,30,58,16,Right Cerebrum.Limbic Lobe.Uncus.Gray Matter.Brodmann area 36,
76,12,60,24,Right Cerebrum.Temporal Lobe.Inferior Temporal Gyrus.Gray Matter.Brodmann area 21,MMSE
77,73,66,20,Left Cerebrum.Temporal Lobe.Middle Temporal Gyrus.Gray Matter.Brodmann area 21,MMSE
78,22,62,17,Right Cerebrum.Temporal Lobe.Middle Temporal Gyrus.Gray Matter.Brodmann area 21,MMSE
79,67,28,22,Left Cerebellum.Posterior Lobe.Tuber.Gray Matter.*,
80,16,24,22,Right Cerebellum.Posterior Lobe.Tuber.Gray Matter.*,
81,45,24,20,Left Cerebellum.Posterior Lobe.Pyramis of Vermis.Gray Matter.*,
82,43,24,21,Right Cerebellum.Posterior Lobe.Pyramis of Vermis.Gray Matter.*,
83,46,32,21,Left Cerebellum.Anterior Lobe.Nodule.Gray Matter.*,
84,56,40,21,Left Cerebellum.Anterior Lobe.*.Gray Matter.*,
85,42,32,21,Right Cerebellum.Anterior Lobe.Nodule.Gray Matter.*,
86,32,39,21,Right Cerebellum.Anterior Lobe.*.Gray Matter.*,
87,52,42,27,Left Cerebellum.Anterior Lobe.Culmen.Gray Matter.*,
88,36,41,27,Right Cerebellum.Anterior Lobe.Culmen.Gray Matter.*,
89,72,52,20,*.Temporal Lobe.*.*.*,
90,0,0,0,*.Temporal Lobe.Inferior Temporal Gyrus.*.*,
91,0,0,0,Right Cerebrum.Limbic Lobe.Inferior Temporal Gyrus.*.*,
92,0,0,0,Left Cerebrum.Limbic Lobe.Inferior Temporal Gyrus.*.*,
93,58,56,19,Left Cerebrum.Limbic Lobe.Uncus.Gray Matter.Brodmann area 28,
94,33,65,20,Right Cerebrum.Limbic Lobe.Uncus.Gray Matter.Brodmann area 28,
95,64,58,18,Left Cerebrum.Limbic Lobe.Sub-Gyral.White Matter.*,
96,67,60,18,Left Cerebrum.Temporal Lobe.Inferior Temporal Gyrus.Gray Matter.Brodmann area 21,MMSE
97,0,0,0,Left Cerebrum.*.Inferior Temporal Gyrus.*.*,
98,74,65,18,Left Cerebrum.*.Middle Temporal Gyrus.*.*,
99,57,70,17,Left Cerebrum.*.Superior Temporal Gyrus.*.*,
100,0,0,0,Left Cerebrum.*.Superior Temporal Gyrus.Gray Matter.Brodmann area 38,NPI-Q
101,48,83,17,Left Cerebrum.Frontal Lobe.Orbital Gyrus.Gray Matter.Brodmann area 11,MMSE
102,41,78,17,Right Cerebrum.*.Orbital Gyrus.Gray Matter.Brodmann area 11,MMSE
103,0,0,0,*.Frontal Lobe.Orbital Gyrus.*.*,
104,52,84,16,Left Cerebrum.Frontal Lobe.Orbital Gyrus.*.*,
105,47,79,18,Left Cerebrum.Frontal Lobe.*.*.*,
106,44,84,17,Inter-Hemispheric.*.*.*.*,
107,35,75,19,Right Cerebrum.Frontal Lobe.*.*.*,
108,41,83,17,Right Cerebrum.Frontal Lobe.Orbital Gyrus.Gray Matter.Brodmann area 11,MMSE
109,37,84,16,Right Cerebrum.Frontal Lobe.Orbital Gyrus.*.*,
110,52,81,17,*.*.Orbital Gyrus.*.*,
111,48,85,18,Left Cerebrum.Frontal Lobe.Orbital Gyrus.White Matter.*,
112,41,85,16,Right Cerebrum.Frontal Lobe.Orbital Gyrus.White Matter.*,
113,45,27,22,Left Cerebellum.Posterior Lobe.Tuber of Vermis.Gray Matter.*,
114,42,27,22,Right Cerebellum.Posterior Lobe.Tuber of Vermis.Gray Matter.*,
115,45,28,22,Left Cerebellum.Anterior Lobe.Pyramis.Gray Matter.*,
116,39,28,22,Right Cerebellum.Anterior Lobe.Pyramis.Gray Matter.*,
117,36,34,23,Right Cerebellum.Anterior Lobe.*.Gray Matter.Dentate,
118,52,33,23,Left Cerebellum.Anterior Lobe.*.Gray Matter.Dentate,
119,0,0,0,Left Cerebellum.Posterior Lobe.Culmen.Gray Matter.*,
120,74,60,20,Left Cerebrum.Temporal Lobe.Fusiform Gyrus.*.*,
121,12,54,20,Right Cerebrum.Temporal Lobe.Fusiform Gyrus.*.*,
122,72,60,21,Left Cerebrum.Temporal Lobe.Fusiform Gyrus.Gray Matter.Brodmann area 20,Both
123,13,54,20,Right Cerebrum.Temporal Lobe.Fusiform Gyrus.Gray Matter.Brodmann area 20,Both
124,63,49,21,Left Cerebrum.Limbic Lobe.Parahippocampal Gyrus.*.*,
125,26,49,21,*.Limbic Lobe.Parahippocampal Gyrus.*.*,
126,25,49,21,Right Cerebrum.Limbic Lobe.Parahippocampal Gyrus.*.*,
127,68,37,27,Left Cerebrum.Temporal Lobe.Fusiform Gyrus.White Matter.*,
128,61,50,21,Left Cerebrum.Limbic Lobe.Parahippocampal Gyrus.Gray Matter.Brodmann area 36,
129,29,55,20,Right Cerebrum.Limbic Lobe.Parahippocampal Gyrus.Gray Matter.Brodmann area 36,
130,16,55,21,Right Cerebrum.Temporal Lobe.Fusiform Gyrus.White Matter.*,
131,0,0,0,Right Cerebrum.Limbic Lobe.Fusiform Gyrus.*.*,
132,62,51,25,Left Cerebrum.Limbic Lobe.Parahippocampal Gyrus.White Matter.*,
133,27,52,24,Right Cerebrum.Limbic Lobe.Parahippocampal Gyrus.White Matter.*,
134,0,0,0,Right Cerebrum.Limbic Lobe.Fusiform Gyrus.Gray Matter.Brodmann area 20,Both
135,64,52,21,Left Cerebrum.Temporal Lobe.Fusiform Gyrus.Gray Matter.Brodmann area 36,
136,0,0,0,Left Cerebrum.Limbic Lobe.Fusiform Gyrus.White Matter.*,
137,25,53,21,Right Cerebrum.Limbic Lobe.Fusiform Gyrus.White Matter.*,
138,0,0,0,*.*.Fusiform Gyrus.*.*,
139,54,57,20,Left Cerebrum.Limbic Lobe.Parahippocampal Gyrus.Gray Matter.Brodmann area 35,
140,31,55,21,Right Cerebrum.Limbic Lobe.Parahippocampal Gyrus.Gray Matter.Brodmann area 35,
141,49,73,20,Left Cerebrum.Frontal Lobe.Rectal Gyrus.Gray Matter.Brodmann area 11,MMSE
142,46,89,18,Left Cerebrum.Frontal Lobe.Rectal Gyrus.*.*,
143,43,88,18,Right Cerebrum.Frontal Lobe.Rectal Gyrus.*.*,
144,40,73,20,Right Cerebrum.Frontal Lobe.Rectal Gyrus.Gray Matter.Brodmann area 11,MMSE
145,52,73,19,Left Cerebrum.Frontal Lobe.Orbital Gyrus.Gray Matter.Brodmann area 47,NPI-Q
146,36,73,19,Right Cerebrum.Frontal Lobe.Orbital Gyrus.Gray Matter.Brodmann area 47,NPI-Q
147,48,76,22,Left Cerebrum.Frontal Lobe.Rectal Gyrus.White Matter.*,
148,41,85,19,Right Cerebrum.Frontal Lobe.Rectal Gyrus.White Matter.*,
149,45,75,19,Inter-Hemispheric.*.Rectal Gyrus.*.*,
150,58,95,25,Left Cerebrum.Frontal Lobe.Superior Frontal Gyrus.*.*,
151,54,95,25,Left Cerebrum.Frontal Lobe.Superior Frontal Gyrus.Gray Matter.Brodmann area 11,MMSE
152,35,95,25,Right Cerebrum.Frontal Lobe.Superior Frontal Gyrus.Gray Matter.Brodmann area 11,MMSE
153,34,87,18,Right Cerebrum.Frontal Lobe.Superior Frontal Gyrus.*.*,
154,54,90,46,Left Cerebrum.Frontal Lobe.Superior Frontal Gyrus.White Matter.*,
155,36,88,51,Right Cerebrum.Frontal Lobe.Superior Frontal Gyrus.White Matter.*,
156,51,24,28,Left Cerebellum.Posterior Lobe.Declive.Gray Matter.*,
157,30,30,27,Right Cerebellum.Posterior Lobe.Declive.Gray Matter.*,
158,45,22,25,Left Cerebellum.Posterior Lobe.Declive of Vermis.Gray Matter.*,
159,44,22,25,Right Cerebellum.Posterior Lobe.Declive of Vermis.Gray Matter.*,
160,51,31,24,Left Cerebellum.Posterior Lobe.*.Gray Matter.Dentate,
161,0,0,0,Left Cerebellum.Posterior Lobe.Fastigium.Gray Matter.*,
162,39,31,24,Right Cerebellum.Anterior Lobe.Fastigium.Gray Matter.*,
163,36,31,25,Right Cerebellum.Posterior Lobe.*.Gray Matter.Dentate,
164,48,32,25,Left Cerebellum.Anterior Lobe.Fastigium.Gray Matter.*,
165,20,43,23,Right Cerebrum.Temporal Lobe.Fusiform Gyrus.Gray Matter.Brodmann area 36,
166,0,0,0,Right Cerebrum.*.Fusiform Gyrus.Gray Matter.Brodmann area 20,Both
167,73,42,24,*.Temporal Lobe.Fusiform Gyrus.*.*,
168,56,52,23,Left Cerebrum.Limbic Lobe.Parahippocampal Gyrus.Gray Matter.Brodmann area 28,
169,32,53,23,Right Cerebrum.Limbic Lobe.Parahippocampal Gyrus.Gray Matter.Brodmann area 28,
170,64,53,23,Left Cerebrum.Temporal Lobe.Sub-Gyral.Gray Matter.Brodmann area 20,Both
171,24,53,23,Right Cerebrum.Temporal Lobe.Sub-Gyral.Gray Matter.Brodmann area 20,Both
172,52,46,45,Left Cerebrum.Sub-lobar.Lateral Ventricle.Cerebro-Spinal Fluid.*,
173,35,45,44,Right Cerebrum.Sub-lobar.Lateral Ventricle.Cerebro-Spinal Fluid.*,
174,60,54,28,Left Cerebrum.Limbic Lobe.Parahippocampal Gyrus.Gray Matter.Hippocampus,
175,28,55,26,Right Cerebrum.Limbic Lobe.Parahippocampal Gyrus.Gray Matter.Hippocampus,
176,53,58,25,Left Cerebrum.Limbic Lobe.Parahippocampal Gyrus.Gray Matter.Brodmann area 34,
177,36,58,23,Right Cerebrum.Limbic Lobe.Parahippocampal Gyrus.Gray Matter.Brodmann area 34,
178,52,60,22,Left Cerebrum.Limbic Lobe.Uncus.Gray Matter.Brodmann area 34,
179,36,59,22,Right Cerebrum.Limbic Lobe.Uncus.Gray Matter.Brodmann area 34,
180,56,61,23,Left Cerebrum.Limbic Lobe.Uncus.Gray Matter.Amygdala,
181,31,61,23,Right Cerebrum.Limbic Lobe.Uncus.Gray Matter.Amygdala,
182,31,60,26,Right Cerebrum.Limbic Lobe.Parahippocampal Gyrus.Gray Matter.Amygdala,
183,78,69,46,*.*.Inferior Frontal Gyrus.*.*,
184,56,69,24,Left Cerebrum.Frontal Lobe.Inferior Frontal Gyrus.Gray Matter.Brodmann area 47,NPI-Q
185,59,76,22,Left Cerebrum.Frontal Lobe.Inferior Frontal Gyrus.*.*,
186,14,77,30,Right Cerebrum.Frontal Lobe.Inferior Frontal Gyrus.*.*,
187,36,71,23,Right Cerebrum.Frontal Lobe.Inferior Frontal Gyrus.Gray Matter.Brodmann area 47,NPI-Q
188,67,79,35,Left Cerebrum.Frontal Lobe.Inferior Frontal Gyrus.White Matter.*,
189,22,80,35,Right Cerebrum.Frontal Lobe.Inferior Frontal Gyrus.White Matter.*,
190,56,76,22,Left Cerebrum.Frontal Lobe.Inferior Frontal Gyrus.Gray Matter.Brodmann area 11,MMSE
191,34,75,21,Right Cerebrum.Frontal Lobe.Inferior Frontal Gyrus.Gray Matter.Brodmann area 11,MMSE
192,58,62,53,Left Cerebrum.Frontal Lobe.Sub-Gyral.White Matter.*,
193,29,56,53,Right Cerebrum.Frontal Lobe.Sub-Gyral.White Matter.*,
194,64,86,28,Left Cerebrum.Frontal Lobe.Middle Frontal Gyrus.White Matter.*,
195,25,86,28,Right Cerebrum.Frontal Lobe.Middle Frontal Gyrus.White Matter.*,
196,59,83,25,Left Cerebrum.Frontal Lobe.Middle Frontal Gyrus.Gray Matter.Brodmann area 11,MMSE
197,28,83,24,Right Cerebrum.Frontal Lobe.Middle Frontal Gyrus.Gray Matter.Brodmann area 11,MMSE
198,25,65,67,Right Cerebrum.Frontal Lobe.Middle Frontal Gyrus.*.*,
199,0,0,0,Right Cerebrum.*.Orbital Gyrus.*.*,
200,43,92,20,Right Cerebrum.*.Superior Frontal Gyrus.*.*,
201,56,14,28,Left Cerebrum.Occipital Lobe.Fusiform Gyrus.*.*,MMSE
202,57,14,28,Left Cerebrum.Occipital Lobe.Fusiform Gyrus.Gray Matter.Brodmann area 18,MMSE
203,30,14,28,Right Cerebrum.Occipital Lobe.Fusiform Gyrus.*.*,MMSE
204,29,18,27,Right Cerebrum.Occipital Lobe.Fusiform Gyrus.Gray Matter.Brodmann area 18,MMSE
205,64,24,30,Left Cerebrum.Occipital Lobe.Fusiform Gyrus.White Matter.*,MMSE
206,29,22,30,Right Cerebrum.Occipital Lobe.Fusiform Gyrus.White Matter.*,MMSE
207,71,36,27,Left Cerebrum.Temporal Lobe.Fusiform Gyrus.Gray Matter.Brodmann area 37,
208,18,33,27,Right Cerebrum.Temporal Lobe.Fusiform Gyrus.Gray Matter.Brodmann area 37,
209,0,0,0,Right Cerebrum.*.Fusiform Gyrus.*.*,
210,46,40,29,Left Cerebellum.Anterior Lobe.Cerebellar Lingual.Gray Matter.*,
211,42,40,29,Right Cerebellum.Anterior Lobe.Cerebellar Lingual.Gray Matter.*,
212,74,32,32,Left Cerebrum.Temporal Lobe.Inferior Temporal Gyrus.Gray Matter.Brodmann area 37,
213,15,39,26,Right Cerebrum.Temporal Lobe.Inferior Temporal Gyrus.Gray Matter.Brodmann area 37,
214,47,51,27,Left Brainstem.Midbrain.*.*.*,
215,41,49,28,Right Brainstem.Midbrain.*.*.*,
216,0,0,0,Left Cerebrum.Limbic Lobe.Parahippocampal Gyrus.Gray Matter.Brodmann area 20,Both
217,24,48,25,Right Cerebrum.Limbic Lobe.Parahippocampal Gyrus.Gray Matter.Brodmann area 20,Both
218,55,60,26,Left Cerebrum.Limbic Lobe.Parahippocampal Gyrus.Gray Matter.Amygdala,
219,43,63,24,*.*.*.White Matter.*,
220,28,65,24,Right Cerebrum.Limbic Lobe.Parahippocampal Gyrus.Gray Matter.Brodmann area 38,NPI-Q
221,0,0,0,Right Cerebrum.Temporal Lobe.Sub-Gyral.Gray Matter.Brodmann area 38,NPI-Q
222,45,92,22,Left Cerebrum.Frontal Lobe.Medial Frontal Gyrus.*.*,
223,38,96,22,Right Cerebrum.Frontal Lobe.Medial Frontal Gyrus.*.*,
224,67,74,25,Left Cerebrum.Frontal Lobe.Superior Temporal Gyrus.*.*,
225,46,78,23,Left Cerebrum.Frontal Lobe.Medial Frontal Gyrus.Gray Matter.Brodmann area 25,MMSE
226,38,77,23,Right Cerebrum.Frontal Lobe.Medial Frontal Gyrus.Gray Matter.Brodmann area 25,MMSE
227,22,73,24,Right Cerebrum.Frontal Lobe.Superior Temporal Gyrus.*.*,
228,26,66,26,Right Cerebrum.Temporal Lobe.Inferior Frontal Gyrus.*.*,
229,49,64,65,Left Cerebrum.Frontal Lobe.Medial Frontal Gyrus.White Matter.*,
230,39,89,42,Right Cerebrum.Frontal Lobe.Medial Frontal Gyrus.White Matter.*,
231,65,69,26,Left Cerebrum.Temporal Lobe.Inferior Frontal Gyrus.*.*,
232,60,79,23,Left Cerebrum.Frontal Lobe.Middle Frontal Gyrus.*.*,
233,0,0,0,Left Cerebrum.Frontal Lobe.Inferior Frontal Gyrus.Gray Matter.Brodmann area 25,MMSE
234,47,93,23,Left Cerebrum.Frontal Lobe.Medial Frontal Gyrus.Gray Matter.Brodmann area 11,MMSE
235,42,93,23,Right Cerebrum.Frontal Lobe.Medial Frontal Gyrus.Gray Matter.Brodmann area 11,MMSE
236,37,79,23,Right Cerebrum.Frontal Lobe.Inferior Frontal Gyrus.Gray Matter.Brodmann area 25,MMSE
237,51,24,33,Left Cerebrum.Occipital Lobe.Lingual Gyrus.*.*,MMSE
238,45,24,34,*.*.Lingual Gyrus.*.*,
239,0,0,0,*.Occipital Lobe.*.*.*,MMSE
240,0,0,0,*.Occipital Lobe.Lingual Gyrus.*.*,MMSE
241,54,12,33,Left Cerebrum.Occipital Lobe.Lingual Gyrus.Gray Matter.Brodmann area 17,MMSE
242,42,12,30,Inter-Hemispheric.Occipital Lobe.Lingual Gyrus.*.*,MMSE
243,43,22,35,Right Cerebrum.Occipital Lobe.Lingual Gyrus.*.*,MMSE
244,34,12,33,Right Cerebrum.Occipital Lobe.Lingual Gyrus.Gray Matter.Brodmann area 17,MMSE
245,59,25,29,Left Cerebrum.Occipital Lobe.*.*.*,MMSE
246,52,22,33,Left Cerebrum.Occipital Lobe.Lingual Gyrus.Gray Matter.Brodmann area 18,MMSE
247,29,26,29,Right Cerebrum.Occipital Lobe.*.*.*,MMSE
248,32,26,32,Right Cerebrum.Occipital Lobe.Lingual Gyrus.Gray Matter.Brodmann area 18,MMSE
249,62,19,31,Left Cerebrum.Occipital Lobe.Inferior Occipital Gyrus.Gray Matter.Brodmann area 18,MMSE
250,59,18,30,Left Cerebrum.Occipital Lobe.Inferior Occipital Gyrus.*.*,MMSE
251,51,19,36,Left Cerebrum.Occipital Lobe.Lingual Gyrus.White Matter.*,MMSE
252,37,19,36,Right Cerebrum.Occipital Lobe.Lingual Gyrus.White Matter.*,MMSE
253,21,20,29,Right Cerebrum.Occipital Lobe.Inferior Occipital Gyrus.Gray Matter.Brodmann area 18,MMSE
254,60,17,35,Left Cerebrum.Occipital Lobe.Inferior Occipital Gyrus.White Matter.*,MMSE
255,26,16,35,Right Cerebrum.Occipital Lobe.Inferior Occipital Gyrus.White Matter.*,MMSE
256,20,20,29,Right Cerebrum.Occipital Lobe.Inferior Occipital Gyrus.*.*,MMSE
257,57,23,29,Left Cerebrum.Occipital Lobe.Fusiform Gyrus.Gray Matter.Brodmann area 19,MMSE
258,26,21,29,Right Cerebrum.Occipital Lobe.Fusiform Gyrus.Gray Matter.Brodmann area 19,MMSE
259,68,19,30,*.*.Inferior Occipital Gyrus.*.*,
260,68,20,30,Left Cerebrum.*.Inferior Occipital Gyrus.*.*,
261,0,0,0,Right Cerebrum.*.Inferior Occipital Gyrus.*.*,
262,33,22,29,Right Cerebrum.Occipital Lobe.*.Gray Matter.Brodmann area 19,MMSE
263,56,23,29,Left Cerebrum.Occipital Lobe.*.Gray Matter.Brodmann area 19,MMSE
264,70,26,30,Left Cerebrum.Temporal Lobe.Fusiform Gyrus.Gray Matter.Brodmann area 19,
265,19,25,29,Right Cerebrum.Temporal Lobe.Fusiform Gyrus.Gray Matter.Brodmann area 19,
266,60,38,28,Left Cerebrum.Temporal Lobe.*.Gray Matter.Brodmann area 37,
267,30,41,28,Right Cerebrum.Temporal Lobe.*.Gray Matter.Brodmann area 37,
268,75,30,39,Left Cerebrum.Temporal Lobe.Middle Temporal Gyrus.Gray Matter.Brodmann area 37,
269,59,41,30,Left Cerebrum.Limbic Lobe.Parahippocampal Gyrus.Gray Matter.Brodmann area 37,
270,29,44,28,Right Cerebrum.Limbic Lobe.Parahippocampal Gyrus.Gray Matter.Brodmann area 37,
271,35,54,27,Right Cerebrum.Limbic Lobe.*.Gray Matter.Brodmann area 35,
272,41,62,27,*.*.*.White Matter.Optic Tract,
273,46,62,27,*.*.*.Gray Matter.Hypothalamus,
274,19,63,28,Right Cerebrum.Temporal Lobe.Sub-Gyral.Gray Matter.Brodmann area 21,MMSE
275,18,64,26,Right Cerebrum.Temporal Lobe.Superior Temporal Gyrus.Gray Matter.Brodmann area 21,MMSE
276,45,68,26,Left Cerebrum.Frontal Lobe.Subcallosal Gyrus.*.*,
277,44,66,26,Right Cerebrum.Frontal Lobe.Subcallosal Gyrus.*.*,
278,0,0,0,Left Cerebrum.Limbic Lobe.Subcallosal Gyrus.Gray Matter.Brodmann area 34,
279,48,65,27,Left Cerebrum.Frontal Lobe.Subcallosal Gyrus.Gray Matter.Brodmann area 34,
280,46,66,27,Left Cerebrum.Frontal Lobe.Subcallosal Gyrus.Gray Matter.Brodmann area 25,MMSE
281,42,66,26,Right Cerebrum.Frontal Lobe.Subcallosal Gyrus.Gray Matter.Brodmann area 25,MMSE
282,30,65,26,Right Cerebrum.Frontal Lobe.Subcallosal Gyrus.Gray Matter.Brodmann area 34,
283,32,65,28,Right Cerebrum.Limbic Lobe.Subcallosal Gyrus.*.*,
284,31,65,28,Right Cerebrum.Limbic Lobe.Subcallosal Gyrus.Gray Matter.Brodmann area 34,
285,71,60,29,Left Cerebrum.Temporal Lobe.Superior Temporal Gyrus.Gray Matter.Brodmann area 21,MMSE
286,0,0,0,Left Cerebrum.Temporal Lobe.Subcallosal Gyrus.Gray Matter.Brodmann area 34,
287,64,68,26,Left Cerebrum.Temporal Lobe.Inferior Frontal Gyrus.Gray Matter.Brodmann area 13,MMSE
288,61,66,27,Left Cerebrum.Temporal Lobe.Inferior Frontal Gyrus.White Matter.*,
289,49,68,27,Left Cerebrum.Frontal Lobe.Subcallosal Gyrus.White Matter.*,
290,40,67,27,Right Cerebrum.Frontal Lobe.Subcallosal Gyrus.White Matter.*,
291,27,66,26,Right Cerebrum.Temporal Lobe.Inferior Frontal Gyrus.Gray Matter.Brodmann area 13,MMSE
292,28,66,26,Right Cerebrum.Temporal Lobe.Inferior Frontal Gyrus.White Matter.*,
293,63,68,26,Left Cerebrum.Frontal Lobe.Inferior Frontal Gyrus.Gray Matter.Brodmann area 13,MMSE
294,25,69,26,Right Cerebrum.Frontal Lobe.Inferior Frontal Gyrus.Gray Matter.Brodmann area 13,MMSE
295,53,70,26,Left Cerebrum.Frontal Lobe.Subcallosal Gyrus.Gray Matter.Brodmann area 13,MMSE
296,35,70,26,Right Cerebrum.Frontal Lobe.Subcallosal Gyrus.Gray Matter.Brodmann area 13,MMSE
297,53,71,26,Left Cerebrum.Frontal Lobe.Subcallosal Gyrus.Gray Matter.Brodmann area 47,NPI-Q
298,34,71,26,Right Cerebrum.Frontal Lobe.Subcallosal Gyrus.Gray Matter.Brodmann area 47,NPI-Q
299,49,75,26,Left Cerebrum.Frontal Lobe.Subcallosal Gyrus.Gray Matter.Brodmann area 11,MMSE
300,39,75,26,Right Cerebrum.Frontal Lobe.Subcallosal Gyrus.Gray Matter.Brodmann area 11,MMSE
301,16,86,29,Right Cerebrum.Frontal Lobe.Middle Frontal Gyrus.Gray Matter.Brodmann area 47,NPI-Q
302,56,12,32,Left Cerebrum.Occipital Lobe.Inferior Occipital Gyrus.Gray Matter.Brodmann area 17,MMSE
303,0,0,0,Right Cerebrum.*.*.Gray Matter.Brodmann area 18,
304,30,12,32,Right Cerebrum.Occipital Lobe.Inferior Occipital Gyrus.Gray Matter.Brodmann area 17,MMSE
305,61,14,39,Left Cerebrum.Occipital Lobe.Middle Occipital Gyrus.Gray Matter.Brodmann area 18,MMSE
306,26,18,38,Right Cerebrum.Occipital Lobe.Middle Occipital Gyrus.Gray Matter.Brodmann area 18,MMSE
307,61,23,41,Left Cerebrum.Occipital Lobe.Middle Occipital Gyrus.White Matter.*,MMSE
308,19,27,33,Right Cerebrum.Occipital Lobe.Middle Occipital Gyrus.White Matter.*,MMSE
309,75,29,31,Left Cerebrum.Occipital Lobe.Middle Occipital Gyrus.*.*,MMSE
310,17,23,31,Right Cerebrum.Occipital Lobe.Middle Occipital Gyrus.*.*,MMSE
311,53,26,31,Left Cerebrum.Occipital Lobe.Sub-Gyral.*.*,MMSE
312,37,25,31,Right Cerebrum.*.Sub-Gyral.*.*,
313,34,28,31,Right Cerebrum.Occipital Lobe.Sub-Gyral.*.*,MMSE
314,70,20,39,Left Cerebrum.Occipital Lobe.Middle Occipital Gyrus.Gray Matter.Brodmann area 19,MMSE
315,16,23,38,Right Cerebrum.Occipital Lobe.Middle Occipital Gyrus.Gray Matter.Brodmann area 19,MMSE
316,75,28,31,*.*.Middle Occipital Gyrus.*.*,
317,0,0,0,Right Cerebrum.*.Lingual Gyrus.*.*,
318,65,32,33,Left Cerebrum.Occipital Lobe.Sub-Gyral.White Matter.*,MMSE
319,24,30,32,Right Cerebrum.Occipital Lobe.Sub-Gyral.White Matter.*,MMSE
320,45,28,31,Left Cerebellum.Anterior Lobe.Culmen of Vermis.Gray Matter.*,
321,44,28,31,Right Cerebellum.Anterior Lobe.Culmen of Vermis.Gray Matter.*,
322,71,29,32,Left Cerebrum.Occipital Lobe.Middle Occipital Gyrus.Gray Matter.Brodmann area 37,MMSE
323,13,29,31,Right Cerebrum.Occipital Lobe.Middle Occipital Gyrus.Gray Matter.Brodmann area 37,MMSE
324,13,30,33,Right Cerebrum.Occipital Lobe.Inferior Temporal Gyrus.*.*,MMSE
325,71,31,31,Left Cerebrum.Occipital Lobe.Inferior Temporal Gyrus.White Matter.*,MMSE
326,19,26,37,Right Cerebrum.Occipital Lobe.Inferior Temporal Gyrus.White Matter.*,MMSE
327,13,30,39,Right Cerebrum.Temporal Lobe.Middle Temporal Gyrus.Gray Matter.Brodmann area 37,
328,63,42,30,Left Cerebrum.Occipital Lobe.Fusiform Gyrus.Gray Matter.Brodmann area 37,MMSE
329,27,39,30,Right Cerebrum.Occipital Lobe.Fusiform Gyrus.Gray Matter.Brodmann area 37,MMSE
330,0,0,0,Right Cerebrum.Occipital Lobe.Parahippocampal Gyrus.Gray Matter.Brodmann area 37,MMSE
331,69,38,31,Left Cerebrum.Temporal Lobe.Sub-Gyral.Gray Matter.Brodmann area 37,
332,19,38,30,Right Cerebrum.Temporal Lobe.Sub-Gyral.Gray Matter.Brodmann area 37,
333,0,0,0,Right Cerebrum.Limbic Lobe.Fusiform Gyrus.Gray Matter.Brodmann area 37,
334,37,44,32,Right Cerebrum.Limbic Lobe.Sub-Gyral.*.*,
335,51,44,32,Left Cerebrum.Limbic Lobe.Sub-Gyral.*.*,
336,61,47,30,Left Cerebrum.Temporal Lobe.Sub-Gyral.Gray Matter.Hippocampus,
337,27,48,30,Right Cerebrum.Temporal Lobe.Sub-Gyral.Gray Matter.Hippocampus,
338,59,49,30,Left Cerebrum.Limbic Lobe.Sub-Gyral.Gray Matter.Hippocampus,
339,29,47,32,Right Cerebrum.Limbic Lobe.Sub-Gyral.Gray Matter.Hippocampus,
340,48,55,29,Left Brainstem.Midbrain.*.Gray Matter.Substania Nigra,
341,39,54,30,Right Brainstem.Midbrain.*.Gray Matter.Substania Nigra,
342,47,53,32,Left Brainstem.Midbrain.*.Gray Matter.Red Nucleus,
343,42,52,32,Right Brainstem.Midbrain.*.Gray Matter.Red Nucleus,
344,0,0,0,Left Cerebrum.Limbic Lobe.Sub-Gyral.Gray Matter.Brodmann area 28,
345,32,53,31,Right Cerebrum.Limbic Lobe.*.White Matter.*,
346,56,59,45,Left Cerebrum.Sub-lobar.Extra-Nuclear.White Matter.*,
347,32,59,45,Right Cerebrum.Sub-lobar.Extra-Nuclear.White Matter.*,
348,0,0,0,Left Cerebrum.Temporal Lobe.*.Gray Matter.Caudate Tail,
349,25,55,29,Right Cerebrum.Temporal Lobe.Caudate.Gray Matter.Caudate Tail,
350,63,49,32,Left Cerebrum.Temporal Lobe.Caudate.Gray Matter.Caudate Tail,
351,65,57,29,Left Cerebrum.Temporal Lobe.Sub-Gyral.Gray Matter.Brodmann area 21,
352,60,57,31,Left Cerebrum.Temporal Lobe.Extra-Nuclear.White Matter.*,
353,46,57,29,Left Brainstem.Midbrain.*.Gray Matter.Mammillary Body,
354,43,57,29,Right Brainstem.Midbrain.*.Gray Matter.Mammillary Body,
355,55,58,29,Left Cerebrum.Sub-lobar.*.Gray Matter.Amygdala,
356,32,50,33,Right Cerebrum.*.*.White Matter.*,
357,31,58,29,Right Cerebrum.Sub-lobar.*.Gray Matter.Amygdala,
358,52,59,29,Left Cerebrum.Sub-lobar.Extra-Nuclear.White Matter.Optic Tract,
359,44,60,29,Right Cerebrum.Sub-lobar.Third Ventricle.Cerebro-Spinal Fluid.*,
360,37,60,29,Right Cerebrum.Sub-lobar.Extra-Nuclear.White Matter.Optic Tract,
361,45,60,29,Left Cerebrum.Sub-lobar.Third Ventricle.Cerebro-Spinal Fluid.*,
362,46,60,29,Left Cerebrum.Sub-lobar.*.Gray Matter.Hypothalamus,
363,42,61,29,Right Cerebrum.Sub-lobar.*.Gray Matter.Hypothalamus,
364,67,64,29,Left Cerebrum.Temporal Lobe.Superior Temporal Gyrus.Gray Matter.Brodmann area 13,MMSE
365,67,63,29,Left Cerebrum.Temporal Lobe.Sub-Gyral.Gray Matter.Brodmann area 13,MMSE
366,23,51,38,Right Cerebrum.Temporal Lobe.Superior Temporal Gyrus.Gray Matter.Brodmann area 13,MMSE
367,21,64,29,Right Cerebrum.Temporal Lobe.Sub-Gyral.Gray Matter.Brodmann area 13,MMSE
368,60,71,28,Left Cerebrum.Sub-lobar.Extra-Nuclear.Gray Matter.Brodmann area 13,MMSE
369,52,38,42,Left Cerebrum.Limbic Lobe.Extra-Nuclear.White Matter.*,
370,49,83,36,Left Cerebrum.Limbic Lobe.Anterior Cingulate.White Matter.*,
371,45,84,27,Left Cerebrum.Limbic Lobe.Anterior Cingulate.*.*,
372,42,84,27,Right Cerebrum.Limbic Lobe.Anterior Cingulate.*.*,
373,39,83,36,Right Cerebrum.Limbic Lobe.Anterior Cingulate.White Matter.*,
374,41,68,29,Right Cerebrum.Limbic Lobe.Extra-Nuclear.White Matter.*,
375,23,68,28,Right Cerebrum.Sub-lobar.Extra-Nuclear.Gray Matter.Brodmann area 13,MMSE
376,66,68,29,Left Cerebrum.Temporal Lobe.Sub-Gyral.*.*,
377,62,71,28,Left Cerebrum.Sub-lobar.Extra-Nuclear.*.*,
378,56,67,35,Left Cerebrum.Sub-lobar.Lentiform Nucleus.Gray Matter.Putamen,
379,46,69,28,Left Cerebrum.Limbic Lobe.Anterior Cingulate.Gray Matter.Brodmann area 25,MMSE
380,42,69,28,Right Cerebrum.Limbic Lobe.Anterior Cingulate.Gray Matter.Brodmann area 25,MMSE
381,32,65,37,Right Cerebrum.Sub-lobar.Lentiform Nucleus.Gray Matter.Putamen,
382,22,67,28,Right Cerebrum.Sub-lobar.Extra-Nuclear.*.*,
383,21,67,28,Right Cerebrum.Temporal Lobe.Sub-Gyral.*.*,
384,51,70,28,Left Cerebrum.Sub-lobar.*.Gray Matter.*,
385,38,69,29,Right Cerebrum.Sub-lobar.*.Gray Matter.*,
386,78,68,29,*.Temporal Lobe.Superior Temporal Gyrus.*.*,
387,0,0,0,Left Cerebrum.Frontal Lobe.Sub-Gyral.*.*,
388,0,0,0,Right Cerebrum.Frontal Lobe.Sub-Gyral.*.*,
389,65,70,29,Left Cerebrum.Frontal Lobe.Extra-Nuclear.*.*,
390,0,0,0,Right Cerebrum.Frontal Lobe.Extra-Nuclear.*.*,
391,61,72,28,Left Cerebrum.Frontal Lobe.Extra-Nuclear.Gray Matter.Brodmann area 47,NPI-Q
392,27,72,28,Right Cerebrum.Frontal Lobe.Extra-Nuclear.Gray Matter.Brodmann area 47,NPI-Q
393,72,70,34,Left Cerebrum.Frontal-Temporal Space.*.*.*,
394,46,87,36,Left Cerebrum.Limbic Lobe.Anterior Cingulate.Gray Matter.Brodmann area 32,MMSE
395,42,83,41,Right Cerebrum.Limbic Lobe.Anterior Cingulate.Gray Matter.Brodmann area 32,MMSE
396,13,71,34,Right Cerebrum.Frontal-Temporal Space.*.*.*,
397,0,0,0,Left Cerebrum.Frontal-Temporal Space.Inferior Frontal Gyrus.*.*,
398,60,73,28,Left Cerebrum.Frontal Lobe.Sub-Gyral.Gray Matter.Brodmann area 47,NPI-Q
399,0,0,0,Left Cerebrum.Frontal Lobe.Extra-Nuclear.Gray Matter.Brodmann area 13,MMSE
400,29,74,30,Right Cerebrum.Sub-lobar.Extra-Nuclear.Gray Matter.Brodmann area 47,NPI-Q
401,29,74,28,Right Cerebrum.Frontal Lobe.Sub-Gyral.Gray Matter.Brodmann area 47,NPI-Q
402,58,74,28,Left Cerebrum.Frontal Lobe.Extra-Nuclear.White Matter.*,
403,33,74,28,Right Cerebrum.Frontal Lobe.Extra-Nuclear.White Matter.*,
404,51,80,28,Left Cerebrum.Limbic Lobe.Anterior Cingulate.Gray Matter.Brodmann area 10,Both
405,47,90,38,Left Cerebrum.Frontal Lobe.Medial Frontal Gyrus.Gray Matter.Brodmann area 10,Both
406,38,81,28,Right Cerebrum.Limbic Lobe.Anterior Cingulate.Gray Matter.Brodmann area 10,Both
407,42,90,38,Right Cerebrum.Frontal Lobe.Medial Frontal Gyrus.Gray Matter.Brodmann area 10,Both
408,72,86,27,Left Cerebrum.Frontal Lobe.Middle Frontal Gyrus.Gray Matter.Brodmann area 47,NPI-Q
409,67,92,28,Left Cerebrum.Frontal Lobe.Middle Frontal Gyrus.Gray Matter.Brodmann area 10,Both
410,22,92,29,Right Cerebrum.Frontal Lobe.Middle Frontal Gyrus.Gray Matter.Brodmann area 10,Both
411,29,97,30,Right Cerebrum.Frontal Lobe.Superior Frontal Gyrus.Gray Matter.Brodmann area 10,Both
412,56,96,30,Left Cerebrum.Frontal Lobe.Superior Frontal Gyrus.Gray Matter.Brodmann area 10,Both
413,68,18,34,Left Cerebrum.Occipital Lobe.Inferior Occipital Gyrus.Gray Matter.Brodmann area 19,MMSE
414,19,19,34,Right Cerebrum.Occipital Lobe.Inferior Occipital Gyrus.Gray Matter.Brodmann area 19,MMSE
415,42,26,35,*.*.Sub-Gyral.*.*,
416,53,29,34,Left Cerebrum.Occipital Lobe.Lingual Gyrus.Gray Matter.Brodmann area 19,MMSE
417,35,28,33,Right Cerebrum.Occipital Lobe.Lingual Gyrus.Gray Matter.Brodmann area 19,MMSE
418,73,32,33,Left Cerebrum.Occipital Lobe.Inferior Temporal Gyrus.*.*,MMSE
419,75,30,34,Left Cerebrum.Occipital Lobe.Inferior Temporal Gyrus.Gray Matter.Brodmann area 37,MMSE
420,72,33,33,Left Cerebrum.Occipital Lobe.Inferior Temporal Gyrus.Gray Matter.Brodmann area 19,MMSE
421,16,33,33,Right Cerebrum.Occipital Lobe.Inferior Temporal Gyrus.Gray Matter.Brodmann area 37,MMSE
422,15,31,33,Right Cerebrum.Occipital Lobe.Inferior Temporal Gyrus.Gray Matter.Brodmann area 19,MMSE
423,33,33,33,Right Cerebrum.Limbic Lobe.Lingual Gyrus.White Matter.*,
424,56,33,33,Left Cerebrum.Limbic Lobe.Parahippocampal Gyrus.Gray Matter.Brodmann area 19,
425,27,42,32,Right Cerebrum.Limbic Lobe.Parahippocampal Gyrus.Gray Matter.Brodmann area 19,
426,0,0,0,Right Cerebrum.Limbic Lobe.Sub-Gyral.Gray Matter.Brodmann area 19,
427,0,0,0,Left Cerebrum.Limbic Lobe.Sub-Gyral.Gray Matter.Brodmann area 19,
428,52,44,32,Left Cerebrum.Limbic Lobe.Parahippocampal Gyrus.Gray Matter.Brodmann area 30,
429,36,42,33,Right Cerebrum.Limbic Lobe.Sub-Gyral.Gray Matter.Brodmann area 30,
430,35,43,32,Right Cerebrum.Limbic Lobe.Parahippocampal Gyrus.Gray Matter.Brodmann area 30,
431,54,47,32,Left Cerebrum.Limbic Lobe.Parahippocampal Gyrus.Gray Matter.Brodmann area 27,MMSE
432,32,47,32,Right Cerebrum.Limbic Lobe.Parahippocampal Gyrus.Gray Matter.Brodmann area 27,MMSE
433,0,0,0,Right Cerebrum.Temporal Lobe.*.White Matter.*,
434,62,50,32,Left Cerebrum.Sub-lobar.Caudate.Gray Matter.Caudate Tail,
435,26,49,32,Right Cerebrum.Sub-lobar.Caudate.Gray Matter.Caudate Tail,
436,53,50,32,Left Brainstem.Midbrain.Thalamus.Gray Matter.Medial Geniculum Body,
437,36,50,32,Right Brainstem.Midbrain.Thalamus.Gray Matter.Medial Geniculum Body,
438,64,64,32,Left Cerebrum.Sub-lobar.Insula.White Matter.*,
439,35,54,32,Right Cerebrum.Midbrain.*.*.*,
440,25,67,32,Right Cerebrum.Sub-lobar.Insula.White Matter.*,
441,76,66,33,Left Cerebrum.Temporal Lobe.Superior Temporal Gyrus.Gray Matter.Brodmann area 22,
442,67,51,34,Left Cerebrum.Sub-lobar.Insula.Gray Matter.Brodmann area 22,
443,22,57,32,Right Cerebrum.Sub-lobar.Insula.Gray Matter.Brodmann area 13,MMSE
444,22,52,32,Right Cerebrum.Sub-lobar.Insula.Gray Matter.Brodmann area 22,
445,12,66,32,Right Cerebrum.Temporal Lobe.Superior Temporal Gyrus.Gray Matter.Brodmann area 22,
446,66,62,40,Left Cerebrum.Sub-lobar.Insula.Gray Matter.Brodmann area 13,MMSE
447,67,63,31,Left Cerebrum.Sub-lobar.Insula.*.*,
448,62,63,31,Left Cerebrum.Sub-lobar.Claustrum.Gray Matter.*,
449,30,71,30,Right Cerebrum.Sub-lobar.Claustrum.Gray Matter.*,
450,24,71,30,Right Cerebrum.Sub-lobar.Insula.*.*,
451,56,59,32,Left Cerebrum.Sub-lobar.Lentiform Nucleus.Gray Matter.Lateral Globus Pallidus,
452,49,55,32,Left Brainstem.Midbrain.*.Gray Matter.Subthalamic Nucleus,
453,39,57,31,Right Brainstem.Midbrain.*.Gray Matter.Subthalamic Nucleus,
454,32,58,34,Right Cerebrum.Sub-lobar.Lentiform Nucleus.Gray Matter.Lateral Globus Pallidus,
455,53,60,32,Left Cerebrum.Sub-lobar.Lentiform Nucleus.Gray Matter.Medial Globus Pallidus,
456,36,61,32,Right Cerebrum.Sub-lobar.Lentiform Nucleus.Gray Matter.Medial Globus Pallidus,
457,73,57,32,Left Cerebrum.Temporal Lobe.Middle Temporal Gyrus.Gray Matter.Brodmann area 22,
458,43,62,33,Right Brainstem.Midbrain.Extra-Nuclear.White Matter.*,
459,19,48,35,Right Cerebrum.Temporal Lobe.Middle Temporal Gyrus.Gray Matter.Brodmann area 22,
460,46,60,31,Left Cerebrum.Sub-lobar.*.White Matter.*,
461,43,60,31,Right Cerebrum.Sub-lobar.*.White Matter.*,
462,20,61,34,Right Cerebrum.Temporal Lobe.Insula.*.*,
463,49,71,34,Left Cerebrum.Sub-lobar.Caudate.Gray Matter.Caudate Head,
464,40,71,34,Right Cerebrum.Sub-lobar.Caudate.Gray Matter.Caudate Head,
465,28,73,30,Right Cerebrum.Sub-lobar.Insula.Gray Matter.Brodmann area 47,NPI-Q
466,26,71,30,Right Cerebrum.Sub-lobar.Inferior Frontal Gyrus.Gray Matter.Brodmann area 47,NPI-Q
467,60,73,31,Left Cerebrum.Sub-lobar.Insula.Gray Matter.Brodmann area 47,NPI-Q
468,46,80,41,Left Cerebrum.Limbic Lobe.Anterior Cingulate.Gray Matter.Brodmann area 24,MMSE
469,42,81,40,Right Cerebrum.Limbic Lobe.Anterior Cingulate.Gray Matter.Brodmann area 24,MMSE
470,43,95,32,Right Cerebrum.Frontal Lobe.*.Gray Matter.Brodmann area 10,Both
471,0,0,0,Right Cerebrum.*.Medial Frontal Gyrus.*.*,
472,55,10,36,Left Cerebrum.Occipital Lobe.Cuneus.*.*,MMSE
473,46,20,46,Left Cerebrum.Occipital Lobe.Cuneus.Gray Matter.Brodmann area 18,MMSE
474,47,21,43,Left Cerebrum.Occipital Lobe.Cuneus.Gray Matter.Brodmann area 17,MMSE
475,34,10,36,Right Cerebrum.Occipital Lobe.Cuneus.*.*,MMSE
476,42,21,43,Right Cerebrum.Occipital Lobe.Cuneus.Gray Matter.Brodmann area 17,MMSE
477,42,19,45,Right Cerebrum.Occipital Lobe.Cuneus.Gray Matter.Brodmann area 18,MMSE
478,70,24,36,Left Cerebrum.Temporal Lobe.Inferior Temporal Gyrus.Gray Matter.Brodmann area 19,
479,13,27,35,Right Cerebrum.Temporal Lobe.Inferior Temporal Gyrus.Gray Matter.Brodmann area 19,
480,52,41,34,Left Cerebrum.Occipital Lobe.Lingual Gyrus.Gray Matter.Brodmann area 30,MMSE
481,35,42,35,Right Cerebrum.Occipital Lobe.Lingual Gyrus.Gray Matter.Brodmann area 30,MMSE
482,72,83,32,Left Cerebrum.Frontal Lobe.Inferior Frontal Gyrus.Gray Matter.Brodmann area 10,Both
483,18,90,32,Right Cerebrum.Frontal Lobe.Inferior Frontal Gyrus.Gray Matter.Brodmann area 10,Both
484,49,13,42,Left Cerebrum.Occipital Lobe.Cuneus.White Matter.*,MMSE
485,39,14,42,Right Cerebrum.Occipital Lobe.Cuneus.White Matter.*,MMSE
486,69,23,36,Left Cerebrum.Occipital Lobe.Inferior Temporal Gyrus.Gray Matter.Brodmann area 18,MMSE
487,0,0,0,Right Cerebrum.Occipital Lobe.Inferior Temporal Gyrus.Gray Matter.Brodmann area 18,MMSE
488,55,42,35,Left Cerebrum.Limbic Lobe.Lingual Gyrus.White Matter.*,
489,0,0,0,Left Cerebrum.Temporal Lobe.Sub-Gyral.Gray Matter.*,
490,25,46,34,Right Cerebrum.Temporal Lobe.Sub-Gyral.Gray Matter.*,
491,62,47,35,Left Cerebrum.Temporal Lobe.*.White Matter.Caudate Tail,
492,0,0,0,Left Cerebrum.Sub-lobar.Caudate.Gray Matter.*,
493,0,0,0,Left Cerebrum.Sub-lobar.Extra-Nuclear.White Matter.Caudate Tail,
494,38,75,32,Right Cerebrum.Sub-lobar.Caudate.Gray Matter.*,
495,0,0,0,Right Cerebrum.Sub-lobar.Extra-Nuclear.White Matter.Caudate Tail,
496,55,50,34,Left Cerebrum.Sub-lobar.*.Gray Matter.Lateral Geniculum Body,
497,53,50,34,Left Brainstem.Midbrain.*.Gray Matter.Medial Geniculum Body,
498,35,50,34,Right Brainstem.Midbrain.*.Gray Matter.Medial Geniculum Body,
499,32,51,34,Right Cerebrum.Sub-lobar.*.Gray Matter.Lateral Geniculum Body,
500,48,64,33,Left Cerebrum.Sub-lobar.Lentiform Nucleus.Gray Matter.*,
501,40,61,33,Right Cerebrum.Midbrain.Extra-Nuclear.White Matter.*,
502,0,0,0,Left Brainstem.Midbrain.*.White Matter.*,
503,45,64,33,Left Cerebrum.Sub-lobar.Extra-Nuclear.White Matter.Anterior Commissure,
504,0,0,0,Inter-Hemispheric.*.*.White Matter.Anterior Commissure,
505,43,64,33,Right Cerebrum.Sub-lobar.Extra-Nuclear.White Matter.Anterior Commissure,
506,0,0,0,Left Cerebrum.Frontal-Temporal Space.Superior Temporal Gyrus.*.*,
507,47,46,45,Left Cerebrum.Sub-lobar.Extra-Nuclear.White Matter.Corpus Callosum,
508,44,73,37,Inter-Hemispheric.*.*.White Matter.Corpus Callosum,
509,41,44,43,Right Cerebrum.Sub-lobar.Extra-Nuclear.White Matter.Corpus Callosum,
510,62,73,33,Left Cerebrum.Sub-lobar.Extra-Nuclear.Gray Matter.Brodmann area 47,NPI-Q
511,0,0,0,Left Cerebrum.Sub-lobar.Extra-Nuclear.Cerebro-Spinal Fluid.*,
512,0,0,0,Right Cerebrum.Sub-lobar.Claustrum.White Matter.*,
513,52,69,47,Left Cerebrum.Frontal Lobe.Sub-Gyral.White Matter.Corpus Callosum,
514,38,78,32,Right Cerebrum.Frontal Lobe.Sub-Gyral.White Matter.Corpus Callosum,
515,0,0,0,Left Cerebrum.Frontal Lobe.Sub-Gyral.Gray Matter.Brodmann area 10,Both
516,22,86,32,Right Cerebrum.Frontal Lobe.Sub-Gyral.Gray Matter.Brodmann area 10,Both
517,78,33,36,*.*.*.Gray Matter.*,
518,63,13,37,Left Cerebrum.Occipital Lobe.*.Gray Matter.*,MMSE
519,60,12,37,Left Cerebrum.Occipital Lobe.Middle Occipital Gyrus.Gray Matter.*,MMSE
520,28,12,37,Right Cerebrum.Occipital Lobe.Middle Occipital Gyrus.Gray Matter.*,MMSE
521,25,13,37,Right Cerebrum.*.*.Gray Matter.*,
522,70,19,37,*.*.Middle Occipital Gyrus.Gray Matter.*,
523,44,25,36,Inter-Hemispheric.*.Lingual Gyrus.*.*,
524,41,30,36,Right Cerebrum.Occipital Lobe.Lingual Gyrus.Gray Matter.*,MMSE
525,0,0,0,Left Cerebrum.Limbic Lobe.Lingual Gyrus.Gray Matter.*,
526,0,0,0,*.*.Middle Temporal Gyrus.Gray Matter.*,
527,78,36,36,Left Cerebrum.Temporal Lobe.Middle Temporal Gyrus.Gray Matter.*,
528,48,56,36,Left Cerebrum.Sub-lobar.Thalamus.Gray Matter.*,
529,0,0,0,*.Sub-lobar.Extra-Nuclear.White Matter.*,
530,42,60,37,Right Cerebrum.Sub-lobar.Thalamus.Gray Matter.*,
531,73,65,34,Left Cerebrum.Temporal Lobe.Superior Temporal Gyrus.Gray Matter.*,
532,50,12,38,Left Cerebrum.Occipital Lobe.Cuneus.Gray Matter.*,MMSE
533,0,0,0,Inter-Hemispheric.Occipital Lobe.*.Gray Matter.*,MMSE
534,34,10,38,Right Cerebrum.Occipital Lobe.Cuneus.Gray Matter.*,MMSE
535,0,0,0,Right Cerebrum.*.Cuneus.Gray Matter.*,
536,0,0,0,Inter-Hemispheric.Occipital Lobe.Cuneus.Gray Matter.Brodmann area 18,MMSE
537,44,12,38,Inter-Hemispheric.*.Cuneus.*.*,
538,29,12,38,Right Cerebrum.Occipital Lobe.*.Gray Matter.*,MMSE
539,0,0,0,Inter-Hemispheric.Occipital Lobe.Cuneus.Gray Matter.Brodmann area 17,MMSE
540,51,35,36,Left Cerebrum.Occipital Lobe.Lingual Gyrus.Gray Matter.*,MMSE
541,0,0,0,Right Cerebrum.*.Middle Occipital Gyrus.Gray Matter.*,
542,45,14,43,Inter-Hemispheric.Occipital Lobe.Cuneus.*.*,MMSE
543,0,0,0,Inter-Hemispheric.Occipital Lobe.Cuneus.Gray Matter.*,MMSE
544,0,0,0,Inter-Hemispheric.Occipital Lobe.Lingual Gyrus.Gray Matter.*,MMSE
545,0,0,0,Right Cerebrum.*.Middle Occipital Gyrus.*.*,
546,47,11,44,Inter-Hemispheric.Occipital Lobe.*.*.*,MMSE
547,73,25,37,Left Cerebrum.Occipital Lobe.Inferior Temporal Gyrus.Gray Matter.*,MMSE
548,14,26,37,Right Cerebrum.Occipital Lobe.Inferior Temporal Gyrus.Gray Matter.*,MMSE
549,75,26,37,*.*.Inferior Temporal Gyrus.Gray Matter.*,
550,0,0,0,Right Cerebrum.*.Inferior Temporal Gyrus.Gray Matter.*,
551,59,28,37,Left Cerebrum.Occipital Lobe.Sub-Gyral.Gray Matter.*,MMSE
552,75,29,37,Left Cerebrum.Temporal Lobe.Inferior Temporal Gyrus.Gray Matter.*,
553,15,30,37,Right Cerebrum.Temporal Lobe.Inferior Temporal Gyrus.Gray Matter.*,
554,10,47,35,Right Cerebrum.Temporal Lobe.Middle Temporal Gyrus.Gray Matter.*,
555,69,30,37,Left Cerebrum.Occipital Lobe.Middle Temporal Gyrus.*.*,MMSE
556,0,0,0,Left Cerebrum.Occipital Lobe.Middle Temporal Gyrus.Gray Matter.*,MMSE
557,68,30,37,Left Cerebrum.Occipital Lobe.Middle Temporal Gyrus.Gray Matter.Brodmann area 37,MMSE
558,0,0,0,*.*.Culmen of Vermis.*.*,
559,21,31,37,Right Cerebrum.Occipital Lobe.Middle Temporal Gyrus.Gray Matter.Brodmann area 37,MMSE
560,12,28,38,Right Cerebrum.Occipital Lobe.Middle Temporal Gyrus.*.*,MMSE
561,63,32,45,Left Cerebrum.Occipital Lobe.Middle Temporal Gyrus.White Matter.*,MMSE
562,10,37,36,Right Cerebrum.*.Middle Temporal Gyrus.*.*,
563,0,0,0,Right Cerebellum.Anterior Lobe.Culmen.Gray Matter.Brodmann area 19,
564,0,0,0,Left Cerebrum.Temporal Lobe.Lingual Gyrus.White Matter.*,
565,0,0,0,Left Cerebrum.Temporal Lobe.Lingual Gyrus.Gray Matter.Brodmann area 19,
566,38,39,36,Right Cerebrum.Limbic Lobe.Parahippocampal Gyrus.Gray Matter.*,
567,35,39,36,Right Cerebrum.Temporal Lobe.Lingual Gyrus.Gray Matter.Brodmann area 19,
568,33,39,36,Right Cerebrum.Temporal Lobe.Lingual Gyrus.White Matter.*,
569,50,39,36,Left Cerebrum.Limbic Lobe.Parahippocampal Gyrus.Gray Matter.*,
570,0,0,0,Left Cerebrum.Temporal Lobe.*.Cerebro-Spinal Fluid.Caudate Tail,
571,0,0,0,Left Cerebrum.Temporal Lobe.*.White Matter.*,
572,27,46,43,Right Cerebrum.Temporal Lobe.Extra-Nuclear.White Matter.*,
573,42,46,36,Right Brainstem.*.*.*.*,
574,13,60,34,Right Cerebrum.Temporal Lobe.Superior Temporal Gyrus.Gray Matter.*,
575,45,51,35,Left Brainstem.Midbrain.Extra-Nuclear.White Matter.*,
576,0,0,0,Right Cerebrum.*.Superior Temporal Gyrus.*.*,
577,67,51,35,Left Cerebrum.Temporal Lobe.Insula.Gray Matter.*,
578,54,54,38,Left Cerebrum.Sub-lobar.Thalamus.Gray Matter.Ventral Posterior Lateral Nucleus,
579,52,52,35,Left Cerebrum.Sub-lobar.Thalamus.Gray Matter.Ventral Posterior Medial Nucleus,
580,50,53,36,Left Cerebrum.Sub-lobar.Thalamus.Gray Matter.Mammillary Body,
581,38,52,35,Right Cerebrum.Sub-lobar.Thalamus.Gray Matter.Mammillary Body,
582,36,52,35,Right Cerebrum.Sub-lobar.Thalamus.Gray Matter.Ventral Posterior Medial Nucleus,
583,34,53,38,Right Cerebrum.Sub-lobar.Thalamus.Gray Matter.Ventral Posterior Lateral Nucleus,
584,22,65,34,Right Cerebrum.Sub-lobar.Insula.Gray Matter.*,
585,20,59,35,Right Cerebrum.Temporal Lobe.Insula.Gray Matter.*,
586,67,52,36,Left Cerebrum.Temporal Lobe.Insula.Gray Matter.Brodmann area 22,
587,21,52,35,Right Cerebrum.Temporal Lobe.Insula.Gray Matter.Brodmann area 22,
588,67,52,35,Left Cerebrum.Temporal Lobe.Insula.Gray Matter.Brodmann area 13,MMSE
589,0,0,0,Right Cerebrum.Temporal Lobe.Insula.Gray Matter.Brodmann area 13,MMSE
590,68,56,35,Left Cerebrum.Temporal Lobe.Insula.*.*,
591,63,65,34,Left Cerebrum.Sub-lobar.Insula.Gray Matter.*,
592,0,0,0,Right Cerebrum.Sub-lobar.Extra-Nuclear.White Matter.Medial Globus Pallidus,
593,38,66,34,Right Cerebrum.Sub-lobar.Extra-Nuclear.White Matter.Lateral Globus Pallidus,
594,0,0,0,Left Cerebrum.Sub-lobar.Extra-Nuclear.White Matter.Lateral Globus Pallidus,
595,52,68,34,Left Cerebrum.Sub-lobar.Extra-Nuclear.White Matter.Putamen,
596,0,0,0,Right Cerebrum.Sub-lobar.Extra-Nuclear.White Matter.Putamen,
597,0,0,0,Left Cerebrum.Sub-lobar.Caudate.Cerebro-Spinal Fluid.Caudate Head,
598,72,81,33,Left Cerebrum.Frontal Lobe.Inferior Frontal Gyrus.Gray Matter.*,
599,20,91,32,Right Cerebrum.Frontal Lobe.Inferior Frontal Gyrus.Gray Matter.*,
600,0,0,0,Right Cerebrum.Sub-lobar.Caudate.Cerebro-Spinal Fluid.Caudate Head,
601,74,80,33,Left Cerebrum.Frontal Lobe.Inferior Frontal Gyrus.Gray Matter.Brodmann area 45,MMSE
602,13,76,36,Right Cerebrum.Frontal Lobe.Inferior Frontal Gyrus.Gray Matter.Brodmann area 45,MMSE
603,62,76,34,Left Cerebrum.Sub-lobar.Inferior Frontal Gyrus.Gray Matter.Brodmann area 47,NPI-Q
604,46,79,33,Left Cerebrum.Limbic Lobe.Anterior Cingulate.Gray Matter.*,
605,42,79,33,Right Cerebrum.Limbic Lobe.Anterior Cingulate.Gray Matter.*,
606,73,84,39,Left Cerebrum.Frontal Lobe.Inferior Frontal Gyrus.Gray Matter.Brodmann area 46,
607,18,86,38,Right Cerebrum.Frontal Lobe.Inferior Frontal Gyrus.Gray Matter.Brodmann area 46,
608,57,88,33,Left Cerebrum.Frontal Lobe.Sub-Gyral.Gray Matter.*,
609,46,69,59,Left Cerebrum.Frontal Lobe.Medial Frontal Gyrus.Gray Matter.Brodmann area 32,MMSE
610,53,94,32,Left Cerebrum.Frontal Lobe.Medial Frontal Gyrus.Gray Matter.*,
611,42,69,59,Right Cerebrum.Frontal Lobe.Medial Frontal Gyrus.Gray Matter.Brodmann area 32,MMSE
612,30,96,32,Right Cerebrum.Frontal Lobe.Superior Frontal Gyrus.Gray Matter.*,
613,25,89,33,Right Cerebrum.Frontal Lobe.Sub-Gyral.Gray Matter.*,
614,51,97,32,Left Cerebrum.Frontal Lobe.Superior Frontal Gyrus.Gray Matter.*,
615,41,92,32,Right Cerebrum.Frontal Lobe.Medial Frontal Gyrus.Gray Matter.*,
616,63,94,32,Left Cerebrum.Frontal Lobe.Middle Frontal Gyrus.Gray Matter.*,
617,25,94,32,Right Cerebrum.Frontal Lobe.Middle Frontal Gyrus.Gray Matter.*,
618,44,92,32,Inter-Hemispheric.Frontal Lobe.*.*.*,
619,0,0,0,Right Cerebrum.Frontal Lobe.*.Gray Matter.*,
620,47,46,37,Inter-Hemispheric.Sub-lobar.Extra-Nuclear.White Matter.*,
621,52,49,39,Left Cerebrum.Sub-lobar.Thalamus.Gray Matter.Pulvinar,
622,35,49,39,Right Cerebrum.Sub-lobar.Thalamus.Gray Matter.Pulvinar,
623,43,51,37,Inter-Hemispheric.*.*.Cerebro-Spinal Fluid.Optic Tract,
624,70,28,39,Left Cerebrum.Temporal Lobe.Middle Occipital Gyrus.*.*,
625,19,28,40,Right Cerebrum.Temporal Lobe.Middle Occipital Gyrus.*.*,
626,21,27,40,Right Cerebrum.Temporal Lobe.Middle Occipital Gyrus.Gray Matter.Brodmann area 37,
627,0,0,0,Left Cerebrum.Temporal Lobe.Middle Occipital Gyrus.Gray Matter.Brodmann area 37,
628,60,33,38,Left Cerebrum.Temporal Lobe.Middle Occipital Gyrus.White Matter.*,
629,28,33,38,Right Cerebrum.Temporal Lobe.Middle Occipital Gyrus.White Matter.*,
630,57,34,38,Left Cerebrum.Limbic Lobe.Parahippocampal Gyrus.Gray Matter.Brodmann area 18,
631,31,34,38,Right Cerebrum.Limbic Lobe.Parahippocampal Gyrus.Gray Matter.Brodmann area 18,
632,45,53,37,Inter-Hemispheric.Sub-lobar.Extra-Nuclear.Cerebro-Spinal Fluid.Optic Tract,
633,20,54,37,Right Cerebrum.Sub-lobar.Superior Temporal Gyrus.Gray Matter.Brodmann area 22,
634,66,49,43,Left Cerebrum.Temporal Lobe.Insula.White Matter.*,
635,48,55,40,Left Cerebrum.Sub-lobar.Thalamus.Gray Matter.Medial Dorsal Nucleus,
636,41,54,39,Right Cerebrum.Sub-lobar.Thalamus.Gray Matter.Medial Dorsal Nucleus,
637,45,54,37,Left Cerebrum.Sub-lobar.Extra-Nuclear.Cerebro-Spinal Fluid.Optic Tract,
638,44,55,37,Right Cerebrum.*.*.Cerebro-Spinal Fluid.Optic Tract,
639,34,58,36,Right Cerebrum.Sub-lobar.Lentiform Nucleus.Gray Matter.*,
640,0,0,0,Right Cerebrum.Sub-lobar.Extra-Nuclear.Cerebro-Spinal Fluid.Optic Tract,
641,19,63,37,Right Cerebrum.Sub-lobar.Superior Temporal Gyrus.*.*,
642,51,58,39,Left Cerebrum.Sub-lobar.Thalamus.Gray Matter.Ventral Lateral Nucleus,
643,37,58,40,Right Cerebrum.Sub-lobar.Thalamus.Gray Matter.Ventral Lateral Nucleus,
644,44,58,36,Right Cerebrum.*.Thalamus.Gray Matter.*,
645,51,61,40,Left Cerebrum.Sub-lobar.Thalamus.Gray Matter.Ventral Anterior Nucleus,
646,39,60,36,Right Cerebrum.Sub-lobar.Thalamus.Gray Matter.Ventral Anterior Nucleus,
647,70,69,36,Left Cerebrum.Frontal-Temporal Space.Insula.*.*,
648,69,70,36,Left Cerebrum.Frontal Lobe.Insula.*.*,
649,26,76,35,Right Cerebrum.Sub-lobar.Inferior Frontal Gyrus.*.*,
650,45,73,39,Inter-Hemispheric.Sub-lobar.Extra-Nuclear.White Matter.Corpus Callosum,
651,44,73,35,Right Cerebrum.*.*.White Matter.Corpus Callosum,
652,22,73,35,Right Cerebrum.Sub-lobar.Inferior Frontal Gyrus.Gray Matter.Brodmann area 45,MMSE
653,0,0,0,Left Cerebrum.Sub-lobar.Inferior Frontal Gyrus.*.*,
654,0,0,0,Left Cerebrum.Sub-lobar.Insula.Gray Matter.Brodmann area 45,MMSE
655,0,0,0,Right Cerebrum.Sub-lobar.Insula.Gray Matter.Brodmann area 45,MMSE
656,0,0,0,Right Cerebrum.Sub-lobar.*.White Matter.Corpus Callosum,
657,17,87,41,Right Cerebrum.Frontal Lobe.Middle Frontal Gyrus.Gray Matter.Brodmann area 46,
658,45,94,34,Inter-Hemispheric.Frontal Lobe.Medial Frontal Gyrus.*.*,
659,46,26,40,Left Cerebrum.Occipital Lobe.Cuneus.Gray Matter.Brodmann area 30,
660,42,26,40,Right Cerebrum.Occipital Lobe.Cuneus.Gray Matter.Brodmann area 30,
661,49,33,44,Left Cerebrum.Limbic Lobe.Posterior Cingulate.White Matter.*,MMSE
662,53,34,41,Left Cerebrum.Limbic Lobe.Posterior Cingulate.Gray Matter.Brodmann area 30,MMSE
663,38,35,43,Right Cerebrum.Limbic Lobe.Posterior Cingulate.White Matter.*,MMSE
664,42,38,45,Right Cerebrum.Limbic Lobe.Posterior Cingulate.Gray Matter.Brodmann area 30,MMSE
665,0,0,0,Left Cerebrum.Occipital Lobe.Posterior Cingulate.White Matter.*,MMSE
666,45,38,39,Left Cerebrum.Limbic Lobe.Posterior Cingulate.*.*,MMSE
667,42,38,39,Right Cerebrum.Limbic Lobe.Posterior Cingulate.*.*,MMSE
668,0,0,0,Right Cerebrum.Occipital Lobe.Posterior Cingulate.Gray Matter.Brodmann area 30,MMSE
669,47,39,39,Left Cerebrum.Limbic Lobe.Posterior Cingulate.Gray Matter.Brodmann area 29,MMSE
670,38,38,39,Right Cerebrum.Limbic Lobe.Posterior Cingulate.Gray Matter.Brodmann area 29,MMSE
671,64,47,44,Left Cerebrum.Temporal Lobe.Superior Temporal Gyrus.Gray Matter.Brodmann area 41,
672,20,47,42,Right Cerebrum.Temporal Lobe.Superior Temporal Gyrus.Gray Matter.Brodmann area 41,
673,80,49,40,Left Cerebrum.Temporal Lobe.Superior Temporal Gyrus.Gray Matter.Brodmann area 42,
674,8,50,38,Right Cerebrum.Temporal Lobe.Superior Temporal Gyrus.Gray Matter.Brodmann area 42,
675,41,50,39,Right Cerebrum.Sub-lobar.Extra-Nuclear.White Matter.Pulvinar,
676,56,53,39,Left Cerebrum.Sub-lobar.Extra-Nuclear.White Matter.Ventral Posterior Lateral Nucleus,
677,78,64,38,Left Cerebrum.Temporal Lobe.Precentral Gyrus.*.*,
678,76,70,38,Left Cerebrum.Frontal Lobe.Precentral Gyrus.*.*,
679,11,70,38,Right Cerebrum.Frontal Lobe.Precentral Gyrus.*.*,
680,16,60,38,Right Cerebrum.Temporal Lobe.Precentral Gyrus.*.*,
681,70,64,62,Left Cerebrum.Frontal Lobe.Precentral Gyrus.Gray Matter.Brodmann area 6,MMSE
682,12,66,41,Right Cerebrum.Frontal Lobe.Precentral Gyrus.Gray Matter.Brodmann area 6,MMSE
683,41,60,38,Right Cerebrum.Sub-lobar.Thalamus.Gray Matter.Anterior Nucleus,
684,66,59,57,Left Cerebrum.Frontal Lobe.Precentral Gyrus.White Matter.*,
685,47,61,38,Left Cerebrum.Sub-lobar.Thalamus.Gray Matter.Anterior Nucleus,
686,29,55,64,Right Cerebrum.Frontal Lobe.Precentral Gyrus.White Matter.*,
687,44,62,38,Inter-Hemispheric.*.*.White Matter.*,
688,13,69,38,Right Cerebrum.Frontal Lobe.Precentral Gyrus.Gray Matter.Brodmann area 44,MMSE
689,72,71,38,Left Cerebrum.Frontal Lobe.Precentral Gyrus.Gray Matter.Brodmann area 44,MMSE
690,0,0,0,Right Cerebrum.Sub-lobar.Insula.Gray Matter.Brodmann area 44,MMSE
691,49,69,39,Left Cerebrum.Sub-lobar.Caudate.Gray Matter.Caudate Body,
692,39,70,39,Right Cerebrum.Sub-lobar.Caudate.Gray Matter.Caudate Body,
693,45,80,37,Left Cerebrum.Limbic Lobe.Anterior Cingulate.White Matter.Corpus Callosum,
694,42,80,37,Right Cerebrum.Limbic Lobe.Anterior Cingulate.White Matter.Corpus Callosum,
695,23,86,36,Right Cerebrum.Frontal Lobe.Sub-Gyral.Gray Matter.Brodmann area 46,
696,71,90,37,Left Cerebrum.Frontal Lobe.Middle Frontal Gyrus.Gray Matter.Brodmann area 46,
697,0,0,0,Left Cerebrum.*.Middle Occipital Gyrus.*.*,
698,70,22,43,Left Cerebrum.Occipital Lobe.Middle Temporal Gyrus.Gray Matter.Brodmann area 19,MMSE
699,13,30,45,Right Cerebrum.Occipital Lobe.Middle Temporal Gyrus.Gray Matter.Brodmann area 19,MMSE
700,16,29,45,Right Cerebrum.Occipital Lobe.Middle Temporal Gyrus.White Matter.*,MMSE
701,71,24,43,Left Cerebrum.Occipital Lobe.Middle Temporal Gyrus.Gray Matter.Brodmann area 39,MMSE
702,72,30,48,Left Cerebrum.Temporal Lobe.Middle Temporal Gyrus.Gray Matter.Brodmann area 39,
703,17,27,43,Right Cerebrum.Temporal Lobe.Middle Temporal Gyrus.Gray Matter.Brodmann area 39,
704,17,25,42,Right Cerebrum.Occipital Lobe.Middle Temporal Gyrus.Gray Matter.Brodmann area 39,MMSE
705,46,25,43,Left Cerebrum.Occipital Lobe.Cuneus.Gray Matter.Brodmann area 23,MMSE
706,36,26,42,Right Cerebrum.Occipital Lobe.Cuneus.Gray Matter.Brodmann area 23,MMSE
707,68,35,42,Left Cerebrum.Temporal Lobe.Superior Temporal Gyrus.Gray Matter.Brodmann area 39,
708,16,35,42,Right Cerebrum.Temporal Lobe.Superior Temporal Gyrus.Gray Matter.Brodmann area 39,
709,45,38,42,Inter-Hemispheric.Limbic Lobe.Posterior Cingulate.*.*,MMSE
710,0,0,0,Left Cerebrum.Limbic Lobe.Extra-Nuclear.White Matter.Corpus Callosum,
711,0,0,0,Right Cerebrum.Limbic Lobe.Extra-Nuclear.White Matter.Corpus Callosum,
712,46,41,43,Left Cerebrum.Limbic Lobe.Sub-Gyral.White Matter.Corpus Callosum,
713,45,41,43,Inter-Hemispheric.Limbic Lobe.Extra-Nuclear.White Matter.Corpus Callosum,
714,39,41,42,Right Cerebrum.Limbic Lobe.Sub-Gyral.White Matter.Corpus Callosum,
715,81,43,42,*.*.Superior Temporal Gyrus.*.*,
716,63,44,41,Left Cerebrum.Temporal Lobe.Transverse Temporal Gyrus.White Matter.*,
717,16,54,40,Right Cerebrum.Temporal Lobe.Transverse Temporal Gyrus.White Matter.*,
718,14,54,40,Right Cerebrum.Temporal Lobe.Transverse Temporal Gyrus.Gray Matter.Brodmann area 41,
719,63,45,41,Left Cerebrum.Temporal Lobe.Transverse Temporal Gyrus.Gray Matter.Brodmann area 41,
720,67,50,43,Left Cerebrum.Sub-lobar.Insula.Gray Matter.Brodmann area 41,
721,20,51,43,Right Cerebrum.Sub-lobar.Insula.Gray Matter.Brodmann area 41,
722,62,50,41,Left Cerebrum.Sub-lobar.Transverse Temporal Gyrus.Gray Matter.Brodmann area 41,
723,0,0,0,Left Cerebrum.Sub-lobar.Transverse Temporal Gyrus.White Matter.*,
724,53,53,42,Left Cerebrum.Sub-lobar.Thalamus.Gray Matter.Lateral Posterior Nucleus,
725,34,53,41,Right Cerebrum.Sub-lobar.Thalamus.Gray Matter.Lateral Posterior Nucleus,
726,14,56,41,Right Cerebrum.Temporal Lobe.Transverse Temporal Gyrus.Gray Matter.Brodmann area 42,
727,79,59,40,Left Cerebrum.Temporal Lobe.Transverse Temporal Gyrus.*.*,
728,76,59,40,Left Cerebrum.Temporal Lobe.Transverse Temporal Gyrus.Gray Matter.Brodmann area 42,
729,9,54,40,Right Cerebrum.Temporal Lobe.Transverse Temporal Gyrus.*.*,
730,19,55,40,Right Cerebrum.Temporal Lobe.Precentral Gyrus.White Matter.*,
731,71,56,42,Left Cerebrum.Frontal Lobe.Transverse Temporal Gyrus.White Matter.*,
732,70,58,40,Left Cerebrum.Frontal Lobe.Precentral Gyrus.Gray Matter.Brodmann area 13,MMSE
733,69,56,41,Left Cerebrum.Sub-lobar.Precentral Gyrus.Gray Matter.Brodmann area 13,MMSE
734,19,57,40,Right Cerebrum.Frontal Lobe.Precentral Gyrus.Gray Matter.Brodmann area 13,MMSE
735,80,57,42,Left Cerebrum.*.Transverse Temporal Gyrus.*.*,
736,74,58,41,Left Cerebrum.Temporal Lobe.Precentral Gyrus.White Matter.*,
737,0,0,0,Left Cerebrum.Temporal Lobe.Precentral Gyrus.Gray Matter.Brodmann area 43,
738,75,60,41,Left Cerebrum.Frontal Lobe.Precentral Gyrus.Gray Matter.Brodmann area 43,
739,16,58,40,Right Cerebrum.Frontal Lobe.Precentral Gyrus.Gray Matter.Brodmann area 43,
740,14,59,40,Right Cerebrum.Temporal Lobe.Precentral Gyrus.Gray Matter.Brodmann area 42,
741,0,0,0,Left Cerebrum.Temporal Lobe.Precentral Gyrus.Gray Matter.Brodmann area 42,
742,79,62,40,Left Cerebrum.*.Precentral Gyrus.*.*,
743,45,71,39,Inter-Hemispheric.Sub-lobar.Lateral Ventricle.Cerebro-Spinal Fluid.*,
744,0,0,0,Right Cerebrum.*.Precentral Gyrus.*.*,
745,69,69,40,Left Cerebrum.Frontal Lobe.Insula.White Matter.*,
746,0,0,0,Right Cerebrum.Frontal Lobe.Insula.White Matter.*,
747,75,72,42,Left Cerebrum.Frontal Lobe.Inferior Frontal Gyrus.Gray Matter.Brodmann area 44,MMSE
748,16,72,40,Right Cerebrum.Frontal Lobe.Inferior Frontal Gyrus.Gray Matter.Brodmann area 44,MMSE
749,0,0,0,Left Cerebrum.Limbic Lobe.Extra-Nuclear.*.*,
750,0,0,0,Right Cerebrum.Limbic Lobe.Extra-Nuclear.*.*,
751,45,86,38,Inter-Hemispheric.Limbic Lobe.Anterior Cingulate.*.*,
752,70,91,38,Left Cerebrum.*.Middle Frontal Gyrus.*.*,
753,0,0,0,Right Cerebrum.*.*.Gray Matter.Brodmann area 10,Both
754,0,0,0,Inter-Hemispheric.Frontal Lobe.Medial Frontal Gyrus.Gray Matter.Brodmann area 10,Both
755,45,30,44,Left Cerebrum.Limbic Lobe.Posterior Cingulate.Gray Matter.Brodmann area 31,MMSE
756,31,30,44,Right Cerebrum.Limbic Lobe.Posterior Cingulate.Gray Matter.Brodmann area 31,MMSE
757,56,29,45,Left Cerebrum.Limbic Lobe.Posterior Cingulate.Gray Matter.Brodmann area 18,MMSE
758,0,0,0,Left Cerebrum.Limbic Lobe.Posterior Cingulate.Gray Matter.*,MMSE
759,0,0,0,Right Cerebrum.Limbic Lobe.Posterior Cingulate.Gray Matter.Brodmann area 18,MMSE
760,0,0,0,Right Cerebrum.Limbic Lobe.Posterior Cingulate.Gray Matter.*,MMSE
761,46,35,45,Left Cerebrum.Limbic Lobe.Posterior Cingulate.Gray Matter.Brodmann area 23,MMSE
762,42,35,45,Right Cerebrum.Limbic Lobe.Posterior Cingulate.Gray Matter.Brodmann area 23,MMSE
763,65,34,44,Left Cerebrum.Occipital Lobe.Middle Temporal Gyrus.Gray Matter.Brodmann area 22,MMSE
764,0,0,0,Left Cerebrum.*.Superior Temporal Gyrus.Gray Matter.Brodmann area 22,
765,23,34,44,Right Cerebrum.Occipital Lobe.Middle Temporal Gyrus.Gray Matter.Brodmann area 22,MMSE
766,0,0,0,Left Cerebrum.Occipital Lobe.Superior Temporal Gyrus.Gray Matter.Brodmann area 22,MMSE
767,26,48,43,Right Cerebrum.Temporal Lobe.Sub-Gyral.Gray Matter.Brodmann area 41,
768,23,49,43,Right Cerebrum.Temporal Lobe.Insula.White Matter.*,
769,0,0,0,Left Cerebrum.Temporal Lobe.Insula.Gray Matter.Brodmann area 41,
770,0,0,0,Right Cerebrum.Temporal Lobe.Insula.Gray Matter.Brodmann area 41,
771,73,50,43,Left Cerebrum.Temporal Lobe.Postcentral Gyrus.*.*,MMSE
772,71,50,43,Left Cerebrum.Parietal Lobe.Postcentral Gyrus.*.*,MMSE
773,78,52,45,Left Cerebrum.Parietal Lobe.Postcentral Gyrus.Gray Matter.Brodmann area 40,MMSE
774,70,50,43,Left Cerebrum.Parietal Lobe.Insula.White Matter.*,
775,55,50,43,Left Cerebrum.Sub-lobar.Extra-Nuclear.White Matter.Pulvinar,
776,19,57,42,Right Cerebrum.Parietal Lobe.Insula.White Matter.*,
777,11,53,44,Right Cerebrum.Parietal Lobe.Postcentral Gyrus.Gray Matter.Brodmann area 40,MMSE
778,11,49,45,Right Cerebrum.Temporal Lobe.Postcentral Gyrus.*.*,MMSE
779,13,48,45,Right Cerebrum.Parietal Lobe.Superior Temporal Gyrus.*.*,
780,18,52,43,Right Cerebrum.Sub-lobar.Insula.Gray Matter.Brodmann area 40,
781,9,59,42,Right Cerebrum.Parietal Lobe.Postcentral Gyrus.*.*,MMSE
782,79,51,43,Left Cerebrum.Parietal Lobe.Superior Temporal Gyrus.*.*,
783,73,54,46,Left Cerebrum.Parietal Lobe.Postcentral Gyrus.White Matter.*,MMSE
784,69,52,43,Left Cerebrum.Sub-lobar.Insula.Gray Matter.Brodmann area 40,
785,14,55,46,Right Cerebrum.Parietal Lobe.Postcentral Gyrus.White Matter.*,MMSE
786,50,53,43,Left Cerebrum.Sub-lobar.Thalamus.Gray Matter.Lateral Dorsal Nucleus,
787,38,53,43,Right Cerebrum.Sub-lobar.Thalamus.Gray Matter.Lateral Dorsal Nucleus,
788,0,0,0,Left Cerebrum.*.Postcentral Gyrus.*.*,MMSE
789,48,54,43,Left Cerebrum.Sub-lobar.Thalamus.Gray Matter.Midline Nucleus,
790,40,54,43,Right Cerebrum.Sub-lobar.Thalamus.Gray Matter.Midline Nucleus,
791,79,55,45,Left Cerebrum.Parietal Lobe.Postcentral Gyrus.Gray Matter.Brodmann area 43,MMSE
792,9,56,42,Right Cerebrum.Parietal Lobe.Postcentral Gyrus.Gray Matter.Brodmann area 43,MMSE
793,71,56,43,Left Cerebrum.Parietal Lobe.Postcentral Gyrus.Gray Matter.*,MMSE
794,16,57,42,Right Cerebrum.Parietal Lobe.Postcentral Gyrus.Gray Matter.*,MMSE
795,59,39,55,Left Cerebrum.Parietal Lobe.Sub-Gyral.White Matter.*,
796,0,0,0,Right Cerebrum.Parietal Lobe.Sub-Gyral.Gray Matter.Brodmann area 43,MMSE
797,29,44,60,Right Cerebrum.Parietal Lobe.Sub-Gyral.White Matter.*,
798,47,21,58,Left Cerebrum.Parietal Lobe.*.*.*,
799,59,49,62,Left Cerebrum.Parietal Lobe.Precentral Gyrus.White Matter.*,
800,69,56,47,Left Cerebrum.Parietal Lobe.Extra-Nuclear.White Matter.*,
801,17,61,42,Right Cerebrum.Parietal Lobe.Precentral Gyrus.White Matter.*,
802,78,61,45,Left Cerebrum.Parietal Lobe.Precentral Gyrus.*.*,
803,72,61,43,Left Cerebrum.Parietal Lobe.Precentral Gyrus.Gray Matter.Brodmann area 4,MMSE
804,12,62,42,Right Cerebrum.Frontal Lobe.Precentral Gyrus.Gray Matter.Brodmann area 4,MMSE
805,31,51,62,Right Cerebrum.Parietal Lobe.Precentral Gyrus.Gray Matter.Brodmann area 4,MMSE
806,10,62,42,Right Cerebrum.Parietal Lobe.Precentral Gyrus.*.*,
807,71,61,60,Left Cerebrum.Frontal Lobe.Precentral Gyrus.Gray Matter.Brodmann area 4,MMSE
808,72,65,42,Left Cerebrum.Frontal Lobe.Inferior Frontal Gyrus.Gray Matter.Brodmann area 6,MMSE
809,16,66,42,Right Cerebrum.Frontal Lobe.Inferior Frontal Gyrus.Gray Matter.Brodmann area 6,MMSE
810,77,71,42,Left Cerebrum.*.Inferior Frontal Gyrus.*.*,
811,0,0,0,*.*.Middle Frontal Gyrus.*.*,
812,53,83,45,Left Cerebrum.Limbic Lobe.Anterior Cingulate.Gray Matter.Brodmann area 9,MMSE
813,47,87,42,Left Cerebrum.Frontal Lobe.Medial Frontal Gyrus.Gray Matter.Brodmann area 9,MMSE
814,41,86,43,Right Cerebrum.Frontal Lobe.Medial Frontal Gyrus.Gray Matter.Brodmann area 9,MMSE
815,35,83,45,Right Cerebrum.Limbic Lobe.Anterior Cingulate.Gray Matter.Brodmann area 9,MMSE
816,63,96,40,Left Cerebrum.*.Superior Frontal Gyrus.*.*,
817,65,21,47,Left Cerebrum.Temporal Lobe.Middle Temporal Gyrus.Gray Matter.Brodmann area 19,
818,20,21,47,Right Cerebrum.Temporal Lobe.Middle Temporal Gyrus.Gray Matter.Brodmann area 19,
819,64,21,47,Left Cerebrum.Temporal Lobe.Middle Occipital Gyrus.Gray Matter.Brodmann area 19,
820,55,26,52,Left Cerebrum.Occipital Lobe.Precuneus.White Matter.*,MMSE
821,33,26,52,Right Cerebrum.Occipital Lobe.Precuneus.White Matter.*,MMSE
822,57,25,47,Left Cerebrum.Occipital Lobe.Precuneus.Gray Matter.Brodmann area 31,MMSE
823,30,25,47,Right Cerebrum.Occipital Lobe.Precuneus.Gray Matter.Brodmann area 31,MMSE
824,56,25,47,Left Cerebrum.Occipital Lobe.Precuneus.*.*,MMSE
825,0,0,0,Left Cerebrum.Occipital Lobe.Precuneus.Gray Matter.Brodmann area 18,MMSE
826,0,0,0,Right Cerebrum.Occipital Lobe.Precuneus.Gray Matter.Brodmann area 18,MMSE
827,43,33,46,Right Cerebrum.Occipital Lobe.Precuneus.*.*,MMSE
828,45,33,46,Left Cerebrum.Occipital Lobe.Precuneus.Gray Matter.Brodmann area 23,MMSE
829,42,33,46,Right Cerebrum.Occipital Lobe.Precuneus.Gray Matter.Brodmann area 23,MMSE
830,51,36,46,Left Cerebrum.Sub-lobar.Posterior Cingulate.White Matter.*,MMSE
831,36,39,46,Right Cerebrum.Sub-lobar.Posterior Cingulate.White Matter.*,MMSE
832,65,54,51,Left Cerebrum.Frontal Lobe.Postcentral Gyrus.White Matter.*,MMSE
833,20,55,50,Right Cerebrum.Frontal Lobe.Postcentral Gyrus.White Matter.*,MMSE
834,73,57,52,Left Cerebrum.Frontal Lobe.Postcentral Gyrus.Gray Matter.Brodmann area 4,MMSE
835,14,61,44,Right Cerebrum.Frontal Lobe.Postcentral Gyrus.Gray Matter.Brodmann area 4,MMSE
836,79,63,45,*.*.Precentral Gyrus.*.*,
837,45,75,44,Left Cerebrum.Limbic Lobe.Anterior Cingulate.Gray Matter.Brodmann area 33,MMSE
838,42,74,44,Right Cerebrum.Limbic Lobe.Anterior Cingulate.Gray Matter.Brodmann area 33,MMSE
839,0,0,0,Inter-Hemispheric.*.Anterior Cingulate.*.*,
840,0,0,0,Left Cerebrum.Frontal Lobe.Anterior Cingulate.Gray Matter.Brodmann area 9,MMSE
841,58,15,50,*.*.Cuneus.*.*,
842,46,19,53,Left Cerebrum.Occipital Lobe.Cuneus.Gray Matter.Brodmann area 19,MMSE
843,40,16,51,Right Cerebrum.Occipital Lobe.Cuneus.Gray Matter.Brodmann area 19,MMSE
844,68,23,54,*.*.Superior Occipital Gyrus.*.*,
845,67,20,50,Left Cerebrum.Occipital Lobe.Superior Occipital Gyrus.*.*,MMSE
846,28,17,50,Right Cerebrum.Occipital Lobe.Superior Occipital Gyrus.*.*,MMSE
847,60,17,50,Left Cerebrum.Occipital Lobe.Superior Occipital Gyrus.Gray Matter.Brodmann area 19,MMSE
848,23,22,55,Right Cerebrum.Occipital Lobe.Superior Occipital Gyrus.Gray Matter.Brodmann area 19,MMSE
849,62,22,53,Left Cerebrum.Occipital Lobe.Superior Occipital Gyrus.White Matter.*,MMSE
850,24,23,52,Right Cerebrum.Occipital Lobe.Superior Occipital Gyrus.White Matter.*,MMSE
851,67,21,50,Left Cerebrum.Temporal Lobe.Superior Occipital Gyrus.*.*,
852,21,25,51,Right Cerebrum.Temporal Lobe.Superior Occipital Gyrus.*.*,
853,56,24,49,Left Cerebrum.Temporal Lobe.Cuneus.White Matter.*,
854,0,0,0,Right Cerebrum.Temporal Lobe.Cuneus.White Matter.*,
855,46,39,54,Left Cerebrum.Parietal Lobe.Precuneus.Gray Matter.Brodmann area 31,
856,55,25,50,Left Cerebrum.Parietal Lobe.Precuneus.Gray Matter.Brodmann area 18,
857,0,0,0,Right Cerebrum.Parietal Lobe.Precuneus.Gray Matter.Brodmann area 18,
858,32,25,49,Right Cerebrum.Parietal Lobe.Precuneus.Gray Matter.Brodmann area 31,
859,53,36,57,Left Cerebrum.Parietal Lobe.Precuneus.White Matter.*,
860,45,26,49,Left Cerebrum.Parietal Lobe.Precuneus.*.*,
861,39,26,49,Right Cerebrum.Parietal Lobe.Precuneus.*.*,
862,34,27,49,Right Cerebrum.Temporal Lobe.Precuneus.Gray Matter.Brodmann area 31,
863,34,35,56,Right Cerebrum.Parietal Lobe.Precuneus.White Matter.*,
864,0,0,0,*.Frontal Lobe.Middle Temporal Gyrus.Gray Matter.Brodmann area 39,
865,36,30,49,Right Cerebrum.Temporal Lobe.Precuneus.White Matter.*,
866,0,0,0,Left Cerebrum.Temporal Lobe.Precuneus.White Matter.*,
867,77,36,49,Left Cerebrum.Temporal Lobe.Supramarginal Gyrus.*.*,MMSE
868,71,39,48,Left Cerebrum.Temporal Lobe.Supramarginal Gyrus.Gray Matter.Brodmann area 40,MMSE
869,70,37,50,Left Cerebrum.Temporal Lobe.Supramarginal Gyrus.White Matter.*,MMSE
870,15,36,48,Right Cerebrum.Temporal Lobe.Supramarginal Gyrus.White Matter.*,MMSE
871,13,36,48,Right Cerebrum.Temporal Lobe.Supramarginal Gyrus.Gray Matter.Brodmann area 40,MMSE
872,10,36,48,Right Cerebrum.Temporal Lobe.Supramarginal Gyrus.*.*,MMSE
873,67,39,48,Left Cerebrum.Temporal Lobe.Inferior Parietal Lobule.White Matter.*,MMSE
874,25,50,47,Right Cerebrum.Parietal Lobe.Extra-Nuclear.White Matter.*,
875,19,39,48,Right Cerebrum.Temporal Lobe.Inferior Parietal Lobule.White Matter.*,MMSE
876,70,39,48,Left Cerebrum.Temporal Lobe.Inferior Parietal Lobule.Gray Matter.Brodmann area 40,MMSE
877,65,40,58,Left Cerebrum.Parietal Lobe.Inferior Parietal Lobule.Gray Matter.Brodmann area 40,MMSE
878,69,43,50,Left Cerebrum.Parietal Lobe.Inferior Parietal Lobule.White Matter.*,MMSE
879,19,47,50,Right Cerebrum.Parietal Lobe.Inferior Parietal Lobule.White Matter.*,MMSE
880,15,48,60,Right Cerebrum.Parietal Lobe.Inferior Parietal Lobule.Gray Matter.Brodmann area 40,MMSE
881,77,36,52,Left Cerebrum.Parietal Lobe.Supramarginal Gyrus.*.*,MMSE
882,15,41,49,Right Cerebrum.Parietal Lobe.Supramarginal Gyrus.*.*,MMSE
883,78,41,48,Left Cerebrum.Temporal Lobe.Inferior Parietal Lobule.*.*,MMSE
884,0,0,0,Right Cerebrum.Temporal Lobe.Inferior Parietal Lobule.Gray Matter.Brodmann area 40,MMSE
885,0,0,0,Right Cerebrum.Temporal Lobe.Inferior Parietal Lobule.*.*,MMSE
886,78,46,48,Left Cerebrum.Parietal Lobe.Inferior Parietal Lobule.*.*,MMSE
887,0,0,0,Inter-Hemispheric.Limbic Lobe.*.*.*,
888,9,42,48,Right Cerebrum.Parietal Lobe.Inferior Parietal Lobule.*.*,MMSE
889,0,0,0,Left Cerebrum.Limbic Lobe.*.White Matter.*,
890,69,52,60,Left Cerebrum.Parietal Lobe.Postcentral Gyrus.Gray Matter.Brodmann area 2,MMSE
891,18,53,60,Right Cerebrum.Parietal Lobe.Postcentral Gyrus.Gray Matter.Brodmann area 2,MMSE
892,78,55,47,Left Cerebrum.Parietal Lobe.Postcentral Gyrus.Gray Matter.Brodmann area 1,MMSE
893,9,55,47,Right Cerebrum.Parietal Lobe.Postcentral Gyrus.Gray Matter.Brodmann area 1,MMSE
894,61,53,60,Left Cerebrum.Parietal Lobe.Postcentral Gyrus.Gray Matter.Brodmann area 3,MMSE
895,15,59,59,Right Cerebrum.Parietal Lobe.Postcentral Gyrus.Gray Matter.Brodmann area 3,MMSE
896,74,59,48,Left Cerebrum.Frontal Lobe.Postcentral Gyrus.Gray Matter.Brodmann area 3,MMSE
897,14,59,47,Right Cerebrum.Frontal Lobe.Postcentral Gyrus.Gray Matter.Brodmann area 3,MMSE
898,75,70,51,Left Cerebrum.Frontal Lobe.Inferior Frontal Gyrus.Gray Matter.Brodmann area 9,MMSE
899,13,70,51,Right Cerebrum.Frontal Lobe.Inferior Frontal Gyrus.Gray Matter.Brodmann area 9,MMSE
900,21,73,52,Right Cerebrum.Frontal Lobe.Precentral Gyrus.Gray Matter.Brodmann area 9,MMSE
901,54,94,48,Left Cerebrum.Frontal Lobe.Superior Frontal Gyrus.Gray Matter.Brodmann area 9,MMSE
902,34,94,48,Right Cerebrum.Frontal Lobe.Superior Frontal Gyrus.Gray Matter.Brodmann area 9,MMSE
903,44,81,60,Inter-Hemispheric.*.Superior Frontal Gyrus.*.*,
904,37,26,51,Right Cerebrum.Occipital Lobe.Cuneus.Gray Matter.Brodmann area 31,MMSE
905,67,25,52,Left Cerebrum.Temporal Lobe.Superior Occipital Gyrus.Gray Matter.Brodmann area 39,
906,26,25,55,Right Cerebrum.Temporal Lobe.Superior Occipital Gyrus.Gray Matter.Brodmann area 39,
907,63,26,52,Left Cerebrum.Occipital Lobe.Superior Occipital Gyrus.Gray Matter.Brodmann area 39,MMSE
908,51,26,51,Left Cerebrum.Occipital Lobe.Cuneus.Gray Matter.Brodmann area 31,MMSE
909,24,26,51,Right Cerebrum.Occipital Lobe.Superior Occipital Gyrus.Gray Matter.Brodmann area 39,MMSE
910,49,35,51,Left Cerebrum.Limbic Lobe.Precuneus.*.*,
911,46,54,57,Left Cerebrum.Limbic Lobe.Cingulate Gyrus.*.*,
912,43,53,57,Right Cerebrum.Limbic Lobe.Cingulate Gyrus.*.*,
913,41,33,51,Right Cerebrum.Limbic Lobe.Precuneus.*.*,
914,46,42,53,Left Cerebrum.Limbic Lobe.Cingulate Gyrus.Gray Matter.Brodmann area 31,
915,35,50,57,Right Cerebrum.Limbic Lobe.Cingulate Gyrus.Gray Matter.Brodmann area 31,
916,0,0,0,Left Cerebrum.Temporal Lobe.Sub-Gyral.Gray Matter.Brodmann area 39,
917,27,34,51,Right Cerebrum.Temporal Lobe.Sub-Gyral.Gray Matter.Brodmann area 39,
918,52,35,51,Left Cerebrum.Limbic Lobe.Precuneus.White Matter.*,
919,50,42,55,Left Cerebrum.Limbic Lobe.Precuneus.Gray Matter.Brodmann area 31,
920,50,48,53,Left Cerebrum.Limbic Lobe.Cingulate Gyrus.White Matter.*,
921,38,48,53,Right Cerebrum.Limbic Lobe.Cingulate Gyrus.White Matter.*,
922,36,35,51,Right Cerebrum.Limbic Lobe.Precuneus.Gray Matter.Brodmann area 31,
923,36,42,55,Right Cerebrum.Limbic Lobe.Precuneus.White Matter.*,
924,77,35,51,Left Cerebrum.Occipital Lobe.Superior Temporal Gyrus.*.*,MMSE
925,0,0,0,Right Cerebrum.Occipital Lobe.Superior Temporal Gyrus.*.*,MMSE
926,74,36,53,Left Cerebrum.Parietal Lobe.Supramarginal Gyrus.Gray Matter.Brodmann area 40,MMSE
927,12,38,54,Right Cerebrum.Parietal Lobe.Supramarginal Gyrus.Gray Matter.Brodmann area 40,MMSE
928,69,39,54,Left Cerebrum.Parietal Lobe.Supramarginal Gyrus.White Matter.*,MMSE
929,18,42,54,Right Cerebrum.Parietal Lobe.Supramarginal Gyrus.White Matter.*,MMSE
930,78,39,51,*.*.Supramarginal Gyrus.*.*,MMSE
931,0,0,0,Right Cerebrum.Limbic Lobe.Sub-Gyral.Gray Matter.Brodmann area 31,
932,78,44,55,*.*.Inferior Parietal Lobule.*.*,MMSE
933,45,54,49,Left Cerebrum.Limbic Lobe.Cingulate Gyrus.Gray Matter.Brodmann area 23,MMSE
934,42,50,51,Right Cerebrum.Limbic Lobe.Cingulate Gyrus.Gray Matter.Brodmann area 23,MMSE
935,63,48,50,Left Cerebrum.Frontal Lobe.Inferior Parietal Lobule.White Matter.*,MMSE
936,22,52,49,Right Cerebrum.Frontal Lobe.Inferior Parietal Lobule.White Matter.*,MMSE
937,74,57,50,Left Cerebrum.Parietal Lobe.Precentral Gyrus.Gray Matter.Brodmann area 3,
938,74,57,49,Left Cerebrum.Frontal Lobe.Precentral Gyrus.Gray Matter.Brodmann area 3,
939,14,57,49,Right Cerebrum.Frontal Lobe.Precentral Gyrus.Gray Matter.Brodmann area 3,
940,46,70,51,Left Cerebrum.Limbic Lobe.Cingulate Gyrus.Gray Matter.Brodmann area 24,MMSE
941,42,60,51,Right Cerebrum.Limbic Lobe.Cingulate Gyrus.Gray Matter.Brodmann area 24,MMSE
942,72,79,51,Left Cerebrum.Frontal Lobe.Middle Frontal Gyrus.Gray Matter.Brodmann area 9,MMSE
943,14,75,50,Right Cerebrum.Frontal Lobe.Middle Frontal Gyrus.Gray Matter.Brodmann area 9,MMSE
944,46,77,50,Left Cerebrum.Limbic Lobe.Cingulate Gyrus.Gray Matter.Brodmann area 32,MMSE
945,41,69,56,Right Cerebrum.Limbic Lobe.Cingulate Gyrus.Gray Matter.Brodmann area 32,MMSE
946,0,0,0,Left Cerebrum.Limbic Lobe.Medial Frontal Gyrus.Gray Matter.Brodmann area 32,MMSE
947,36,81,49,Right Cerebrum.Limbic Lobe.Medial Frontal Gyrus.Gray Matter.Brodmann area 32,MMSE
948,50,82,48,Left Cerebrum.Limbic Lobe.Medial Frontal Gyrus.*.*,
949,40,83,47,Right Cerebrum.Limbic Lobe.Medial Frontal Gyrus.*.*,
950,43,29,53,Right Cerebrum.*.Cuneus.*.*,
951,46,30,54,Left Cerebrum.Occipital Lobe.Cuneus.Gray Matter.Brodmann area 7,MMSE
952,37,28,53,Right Cerebrum.Occipital Lobe.Cuneus.Gray Matter.Brodmann area 7,MMSE
953,68,24,54,*.*.Angular Gyrus.*.*,MMSE
954,67,24,54,Left Cerebrum.Occipital Lobe.Angular Gyrus.*.*,MMSE
955,20,24,54,Right Cerebrum.Occipital Lobe.Angular Gyrus.*.*,MMSE
956,68,25,54,Left Cerebrum.Temporal Lobe.Angular Gyrus.*.*,MMSE
957,62,25,54,Left Cerebrum.Temporal Lobe.Angular Gyrus.Gray Matter.Brodmann area 39,MMSE
958,20,26,53,Right Cerebrum.Temporal Lobe.Angular Gyrus.Gray Matter.Brodmann area 39,MMSE
959,18,26,53,Right Cerebrum.Temporal Lobe.Angular Gyrus.*.*,MMSE
960,62,26,54,Left Cerebrum.Temporal Lobe.Angular Gyrus.White Matter.*,MMSE
961,21,27,53,Right Cerebrum.Temporal Lobe.Angular Gyrus.White Matter.*,MMSE
962,57,26,54,Left Cerebrum.Parietal Lobe.Cuneus.White Matter.*,
963,31,27,53,Right Cerebrum.Parietal Lobe.Cuneus.White Matter.*,
964,68,33,55,Left Cerebrum.Parietal Lobe.Angular Gyrus.White Matter.*,MMSE
965,19,32,55,Right Cerebrum.Parietal Lobe.Angular Gyrus.White Matter.*,MMSE
966,71,30,55,Left Cerebrum.Parietal Lobe.Angular Gyrus.Gray Matter.Brodmann area 39,MMSE
967,56,27,59,Left Cerebrum.Parietal Lobe.Precuneus.Gray Matter.Brodmann area 7,
968,36,29,53,Right Cerebrum.Occipital Lobe.Precuneus.Gray Matter.Brodmann area 7,MMSE
969,16,30,55,Right Cerebrum.Parietal Lobe.Angular Gyrus.Gray Matter.Brodmann area 39,MMSE
970,51,29,53,Left Cerebrum.Occipital Lobe.Precuneus.Gray Matter.Brodmann area 7,MMSE
971,32,27,59,Right Cerebrum.Parietal Lobe.Precuneus.Gray Matter.Brodmann area 7,
972,0,0,0,*.Parietal Lobe.*.*.*,
973,74,31,53,Left Cerebrum.Parietal Lobe.Supramarginal Gyrus.Gray Matter.Brodmann area 39,MMSE
974,13,31,53,Right Cerebrum.Parietal Lobe.Supramarginal Gyrus.Gray Matter.Brodmann area 39,MMSE
975,43,32,53,Right Cerebrum.*.Precuneus.*.*,
976,13,58,58,Right Cerebrum.Parietal Lobe.*.*.*,
977,64,50,57,Left Cerebrum.Parietal Lobe.Inferior Parietal Lobule.Gray Matter.Brodmann area 2,MMSE
978,75,57,52,Left Cerebrum.Frontal Lobe.Postcentral Gyrus.*.*,MMSE
979,18,59,58,Right Cerebrum.Frontal Lobe.Postcentral Gyrus.*.*,MMSE
980,50,78,50,Left Cerebrum.Limbic Lobe.Cingulate Gyrus.Gray Matter.Brodmann area 9,MMSE
981,40,79,50,Right Cerebrum.Limbic Lobe.Cingulate Gyrus.Gray Matter.Brodmann area 9,MMSE
982,0,0,0,Left Cerebrum.Frontal Lobe.Sub-Gyral.Gray Matter.Brodmann area 9,MMSE
983,30,81,50,Right Cerebrum.Frontal Lobe.Sub-Gyral.Gray Matter.Brodmann area 9,MMSE
984,0,0,0,Left Cerebrum.Parietal Lobe.Cuneus.*.*,
985,60,24,59,Left Cerebrum.Parietal Lobe.Precuneus.Gray Matter.Brodmann area 19,
986,27,23,57,Right Cerebrum.Parietal Lobe.Precuneus.Gray Matter.Brodmann area 19,
987,44,25,56,Inter-Hemispheric.*.Precuneus.*.*,
988,22,30,55,Right Cerebrum.Parietal Lobe.Precuneus.Gray Matter.Brodmann area 39,
989,67,27,56,Left Cerebrum.Parietal Lobe.Precuneus.Gray Matter.Brodmann area 39,
990,27,33,57,Right Cerebrum.Parietal Lobe.Sub-Gyral.Gray Matter.Brodmann area 39,
991,0,0,0,Left Cerebrum.Parietal Lobe.Angular Gyrus.Gray Matter.Brodmann area 40,MMSE
992,14,35,55,Right Cerebrum.Parietal Lobe.Angular Gyrus.Gray Matter.Brodmann area 40,MMSE
993,0,0,0,Left Cerebrum.Limbic Lobe.Sub-Gyral.Gray Matter.Brodmann area 31,
994,0,0,0,Left Cerebrum.Parietal Lobe.Cingulate Gyrus.Gray Matter.Brodmann area 31,
995,47,41,55,Left Cerebrum.Parietal Lobe.Cingulate Gyrus.*.*,
996,40,41,55,Right Cerebrum.Parietal Lobe.Cingulate Gyrus.*.*,
997,39,41,55,Right Cerebrum.Parietal Lobe.Cingulate Gyrus.Gray Matter.Brodmann area 31,
998,57,44,66,Left Cerebrum.Parietal Lobe.Sub-Gyral.Gray Matter.Brodmann area 40,
999,31,44,66,Right Cerebrum.Parietal Lobe.Sub-Gyral.Gray Matter.Brodmann area 40,
1000,47,76,52,Left Cerebrum.Frontal Lobe.Cingulate Gyrus.White Matter.*,
1001,36,75,53,Right Cerebrum.Frontal Lobe.Cingulate Gyrus.White Matter.*,
1002,47,45,71,Left Cerebrum.Parietal Lobe.Postcentral Gyrus.Gray Matter.Brodmann area 4,MMSE
1003,63,77,52,Left Cerebrum.Frontal Lobe.Precentral Gyrus.Gray Matter.Brodmann area 9,MMSE
1004,45,75,52,Left Cerebrum.Frontal Lobe.Cingulate Gyrus.*.*,
1005,46,76,52,Left Cerebrum.Frontal Lobe.Cingulate Gyrus.Gray Matter.Brodmann area 32,MMSE
1006,37,78,52,Right Cerebrum.Frontal Lobe.Cingulate Gyrus.*.*,
1007,42,77,53,Right Cerebrum.Frontal Lobe.Cingulate Gyrus.Gray Matter.Brodmann area 32,MMSE
1008,51,60,62,Left Cerebrum.Frontal Lobe.Medial Frontal Gyrus.Gray Matter.Brodmann area 6,MMSE
1009,51,78,52,Left Cerebrum.Frontal Lobe.Cingulate Gyrus.Gray Matter.Brodmann area 6,MMSE
1010,42,58,62,Right Cerebrum.Frontal Lobe.Medial Frontal Gyrus.Gray Matter.Brodmann area 6,MMSE
1011,0,0,0,Right Cerebrum.Frontal Lobe.Cingulate Gyrus.Gray Matter.Brodmann area 6,MMSE
1012,38,20,58,*.*.Precuneus.*.*,
1013,65,30,58,Left Cerebrum.Parietal Lobe.Inferior Parietal Lobule.Gray Matter.Brodmann area 39,
1014,17,32,57,Right Cerebrum.Parietal Lobe.Inferior Parietal Lobule.Gray Matter.Brodmann area 39,
1015,52,42,57,Left Cerebrum.Frontal Lobe.Precuneus.Gray Matter.Brodmann area 31,
1016,36,42,57,Right Cerebrum.Frontal Lobe.Sub-Gyral.Gray Matter.Brodmann area 31,
1017,0,0,0,Left Cerebrum.Parietal Lobe.Sub-Gyral.Gray Matter.Brodmann area 2,
1018,0,0,0,Right Cerebrum.Parietal Lobe.Precentral Gyrus.Gray Matter.Brodmann area 3,
1019,55,57,56,Left Cerebrum.Limbic Lobe.Sub-Gyral.Gray Matter.Brodmann area 24,MMSE
1020,33,57,56,Right Cerebrum.Limbic Lobe.Sub-Gyral.Gray Matter.Brodmann area 24,MMSE
1021,55,63,65,Left Cerebrum.Frontal Lobe.Sub-Gyral.Gray Matter.Brodmann area 6,MMSE
1022,58,66,59,Left Cerebrum.Frontal Lobe.Middle Frontal Gyrus.Gray Matter.Brodmann area 6,MMSE
1023,17,69,58,Right Cerebrum.Frontal Lobe.Middle Frontal Gyrus.Gray Matter.Brodmann area 6,MMSE
1024,70,71,56,Left Cerebrum.Frontal Lobe.Middle Frontal Gyrus.Gray Matter.Brodmann area 8,Both
1025,30,76,58,Right Cerebrum.Frontal Lobe.Middle Frontal Gyrus.Gray Matter.Brodmann area 8,Both
1026,52,79,54,Left Cerebrum.Frontal Lobe.Sub-Gyral.Gray Matter.Brodmann area 8,Both
1027,34,78,54,Right Cerebrum.Frontal Lobe.Sub-Gyral.Gray Matter.Brodmann area 8,Both
1028,50,77,55,Left Cerebrum.Limbic Lobe.Sub-Gyral.Gray Matter.Brodmann area 32,MMSE
1029,0,0,0,Right Cerebrum.Limbic Lobe.Sub-Gyral.Gray Matter.Brodmann area 32,MMSE
1030,0,0,0,Left Cerebrum.Frontal Lobe.Sub-Gyral.Gray Matter.Brodmann area 32,MMSE
1031,0,0,0,Right Cerebrum.Frontal Lobe.Sub-Gyral.Gray Matter.Brodmann area 32,MMSE
1032,46,80,55,Left Cerebrum.Frontal Lobe.Medial Frontal Gyrus.Gray Matter.Brodmann area 8,Both
1033,42,80,55,Right Cerebrum.Frontal Lobe.Medial Frontal Gyrus.Gray Matter.Brodmann area 8,Both
1034,57,81,61,Left Cerebrum.Frontal Lobe.Superior Frontal Gyrus.Gray Matter.Brodmann area 8,Both
1035,30,87,55,Right Cerebrum.Frontal Lobe.Superior Frontal Gyrus.Gray Matter.Brodmann area 8,Both
1036,58,25,61,Left Cerebrum.Parietal Lobe.Superior Parietal Lobule.*.*,
1037,32,34,60,Right Cerebrum.Parietal Lobe.Superior Parietal Lobule.*.*,
1038,55,38,69,Left Cerebrum.Parietal Lobe.Superior Parietal Lobule.Gray Matter.Brodmann area 7,
1039,34,38,69,Right Cerebrum.Parietal Lobe.Superior Parietal Lobule.Gray Matter.Brodmann area 7,
1040,61,33,64,Left Cerebrum.Parietal Lobe.Superior Parietal Lobule.White Matter.*,
1041,28,31,61,Right Cerebrum.Parietal Lobe.Superior Parietal Lobule.White Matter.*,
1042,63,33,60,Left Cerebrum.Parietal Lobe.Inferior Parietal Lobule.Gray Matter.Brodmann area 7,MMSE
1043,22,31,61,Right Cerebrum.Parietal Lobe.Inferior Parietal Lobule.Gray Matter.Brodmann area 7,MMSE
1044,45,49,59,Left Cerebrum.Frontal Lobe.Paracentral Lobule.Gray Matter.Brodmann area 31,
1045,45,54,59,Left Cerebrum.Frontal Lobe.Paracentral Lobule.*.*,
1046,44,49,59,Inter-Hemispheric.*.Paracentral Lobule.*.*,
1047,43,49,59,Right Cerebrum.Frontal Lobe.Paracentral Lobule.*.*,
1048,42,50,60,Right Cerebrum.Frontal Lobe.Paracentral Lobule.Gray Matter.Brodmann area 31,
1049,40,49,61,Right Cerebrum.Parietal Lobe.Sub-Gyral.Gray Matter.Brodmann area 31,
1050,49,49,63,Left Cerebrum.Frontal Lobe.Paracentral Lobule.White Matter.*,
1051,39,49,63,Right Cerebrum.Frontal Lobe.Paracentral Lobule.White Matter.*,
1052,0,0,0,Left Cerebrum.Limbic Lobe.Paracentral Lobule.Gray Matter.Brodmann area 31,
1053,49,59,59,Left Cerebrum.Limbic Lobe.Paracentral Lobule.White Matter.*,
1054,39,60,60,Right Cerebrum.Limbic Lobe.Paracentral Lobule.White Matter.*,
1055,45,60,59,Left Cerebrum.Limbic Lobe.Paracentral Lobule.*.*,
1056,41,60,58,Right Cerebrum.Limbic Lobe.Paracentral Lobule.*.*,
1057,44,61,58,Inter-Hemispheric.*.Cingulate Gyrus.*.*,
1058,44,68,58,Inter-Hemispheric.*.Medial Frontal Gyrus.*.*,
1059,57,30,66,*.*.Superior Parietal Lobule.*.*,
1060,64,37,63,Left Cerebrum.Parietal Lobe.Superior Parietal Lobule.Gray Matter.Brodmann area 40,
1061,25,38,63,Right Cerebrum.Parietal Lobe.Superior Parietal Lobule.Gray Matter.Brodmann area 40,
1062,53,44,62,Left Cerebrum.Parietal Lobe.Paracentral Lobule.White Matter.*,
1063,0,0,0,Left Cerebrum.Parietal Lobe.Paracentral Lobule.Gray Matter.Brodmann area 5,MMSE
1064,54,42,63,Left Cerebrum.Parietal Lobe.Paracentral Lobule.Gray Matter.Brodmann area 7,
1065,34,42,62,Right Cerebrum.Parietal Lobe.Paracentral Lobule.Gray Matter.Brodmann area 7,
1066,34,43,62,Right Cerebrum.Parietal Lobe.Paracentral Lobule.Gray Matter.Brodmann area 5,MMSE
1067,46,45,63,Left Cerebrum.Frontal Lobe.Paracentral Lobule.Gray Matter.Brodmann area 5,MMSE
1068,42,43,62,Right Cerebrum.Frontal Lobe.Precuneus.*.*,
1069,35,45,63,Right Cerebrum.Frontal Lobe.Paracentral Lobule.Gray Matter.Brodmann area 5,MMSE
1070,49,44,62,Left Cerebrum.Parietal Lobe.Paracentral Lobule.*.*,
1071,0,0,0,Right Cerebrum.Parietal Lobe.Paracentral Lobule.*.*,
1072,36,45,64,Right Cerebrum.Parietal Lobe.Paracentral Lobule.White Matter.*,
1073,0,0,0,Right Cerebrum.Frontal Lobe.Precuneus.White Matter.*,
1074,46,51,62,Left Cerebrum.Frontal Lobe.Paracentral Lobule.Gray Matter.Brodmann area 6,MMSE
1075,42,51,62,Right Cerebrum.Frontal Lobe.Paracentral Lobule.Gray Matter.Brodmann area 6,MMSE
1076,51,79,64,Left Cerebrum.Frontal Lobe.Superior Frontal Gyrus.Gray Matter.Brodmann area 6,MMSE
1077,40,64,70,Right Cerebrum.Frontal Lobe.Superior Frontal Gyrus.Gray Matter.Brodmann area 6,MMSE
1078,0,0,0,Right Cerebrum.*.Superior Parietal Lobule.*.*,
1079,55,40,65,Left Cerebrum.Parietal Lobe.Sub-Gyral.Gray Matter.Brodmann area 7,
1080,33,39,65,Right Cerebrum.Parietal Lobe.Sub-Gyral.Gray Matter.Brodmann area 7,
1081,67,39,66,Right Cerebrum.Frontal Lobe.Inferior Parietal Lobule.Gray Matter.Brodmann area 40,MMSE
1082,0,0,0,Left Cerebrum.Frontal Lobe.Precuneus.Gray Matter.Brodmann area 5,MMSE
1083,0,0,0,Left Cerebrum.Frontal Lobe.Precuneus.White Matter.*,
1084,0,0,0,Left Cerebrum.Frontal Lobe.Precuneus.*.*,
1085,35,43,66,Right Cerebrum.Frontal Lobe.Precuneus.Gray Matter.Brodmann area 5,MMSE
1086,38,43,65,Right Cerebrum.Frontal Lobe.Paracentral Lobule.Gray Matter.Brodmann area 7,
1087,52,45,65,Left Cerebrum.Frontal Lobe.Paracentral Lobule.Gray Matter.Brodmann area 3,
1088,46,46,68,Left Cerebrum.Frontal Lobe.Paracentral Lobule.Gray Matter.Brodmann area 4,MMSE
1089,41,46,68,Right Cerebrum.Frontal Lobe.Paracentral Lobule.Gray Matter.Brodmann area 4,MMSE
1090,36,46,65,Right Cerebrum.Frontal Lobe.Paracentral Lobule.Gray Matter.Brodmann area 3,
1091,34,49,66,Right Cerebrum.Frontal Lobe.Sub-Gyral.Gray Matter.Brodmann area 3,
1092,35,50,65,Right Cerebrum.Frontal Lobe.Sub-Gyral.Gray Matter.Brodmann area 4,MMSE
1093,31,68,63,Right Cerebrum.Frontal Lobe.Sub-Gyral.Gray Matter.Brodmann area 6,MMSE
1094,61,42,68,Left Cerebrum.Parietal Lobe.Postcentral Gyrus.Gray Matter.Brodmann area 5,MMSE
1095,24,43,69,Right Cerebrum.Parietal Lobe.Postcentral Gyrus.Gray Matter.Brodmann area 5,MMSE
1096,56,42,68,Left Cerebrum.Parietal Lobe.Superior Parietal Lobule.Gray Matter.Brodmann area 5,MMSE
1097,31,43,68,Right Cerebrum.Parietal Lobe.Superior Parietal Lobule.Gray Matter.Brodmann area 5,MMSE
1098,34,48,68,Right Cerebrum.Parietal Lobe.Postcentral Gyrus.Gray Matter.Brodmann area 4,MMSE
1099,35,49,68,Right Cerebrum.Frontal Lobe.Medial Frontal Gyrus.Gray Matter.Brodmann area 4,MMSE
1100,51,39,72,Left Cerebrum.Parietal Lobe.Postcentral Gyrus.Gray Matter.Brodmann area 7,MMSE
1101,39,37,71,Right Cerebrum.Parietal Lobe.Postcentral Gyrus.Gray Matter.Brodmann area 7,MMSE
1102,42,41,71,Inter-Hemispheric.*.Postcentral Gyrus.*.*,MMSE
1103,48,45,71,Left Cerebrum.Parietal Lobe.Paracentral Lobule.Gray Matter.Brodmann area 4,MMSE
1104,42,45,71,Right Cerebrum.Parietal Lobe.Paracentral Lobule.Gray Matter.Brodmann area 4,MMSE